ST,Drugs,Class
CO,Omnipod 5,Insulin Pumps
CO,Omnipod Dash,Insulin Pumps
CO,Omnipod 5,Insulin Pumps
CO,Omnipod Dash,Insulin Pumps
CT,Omnipod 5,Insulin Pumps
CT,Omnipod Dash,Insulin Pumps
CT,Omnipod 5,Insulin Pumps
CT,Omnipod Dash,Insulin Pumps
DE,Omnipod Dash,Insulin Pumps
DE,Omnipod 5,Insulin Pumps
DE,Omnipod 5,Insulin Pumps
DE,Omnipod Dash,Insulin Pumps
FL,Omnipod 5,Insulin Pumps
FL,Omnipod Dash,Insulin Pumps
FL,Omnipod 5,Insulin Pumps
FL,Omnipod Dash,Insulin Pumps
GA,Omnipod Dash,Insulin Pumps
GA,Omnipod 5,Insulin Pumps
GA,Omnipod 5,Insulin Pumps
GA,Omnipod Dash,Insulin Pumps
IL,Omnipod 5,Insulin Pumps
IL,Omnipod Dash,Insulin Pumps
IL,Omnipod Go,Insulin Pumps
IL,Omnipod 5,Insulin Pumps
IL,Omnipod Dash,Insulin Pumps
IL,Omnipod Go,Insulin Pumps
LA,Omnipod 5,Insulin Pumps
LA,Omnipod Dash,Insulin Pumps
LA,Omnipod 5,Insulin Pumps
LA,Omnipod Dash,Insulin Pumps
MA,Benlysta auto-injector,Immunomodulators SLE
MA,Benlysta auto-injector,Immunomodulators SLE
MO,Omnipod 5,Insulin Pumps
MO,Omnipod Dash,Insulin Pumps
MO,Omnipod 5,Insulin Pumps
MO,Omnipod Dash,Insulin Pumps
ND,Omnipod Dash,Insulin Pumps
ND,Omnipod 5,Insulin Pumps
ND,Quillivant XR ER oral suspension,Stimulants and Related Agents
ND,Quillivant XR ER oral suspension,Stimulants and Related Agents
ND,Omnipod 5,Insulin Pumps
ND,Omnipod Dash,Insulin Pumps
OK,Truqap,Oncology Oral Breast
OK,Truqap,Oncology Oral Breast
PA,Omnipod Dash,Insulin Pumps
PA,Omnipod 5,Insulin Pumps
PA,Omnipod 5,Insulin Pumps
PA,Omnipod Dash,Insulin Pumps
TN,Omnipod 5,Insulin Pumps
TN,Omnipod Dash,Insulin Pumps
TN,Omnipod 5,Insulin Pumps
TN,Omnipod Dash,Insulin Pumps
WA,Omnipod 5,Insulin Pumps
WA,Omnipod Dash,Insulin Pumps
WA,Omnipod 5,Insulin Pumps
WA,Omnipod Dash,Insulin Pumps
WY,Omnipod Dash,Insulin Pumps
WY,Omnipod 5,Insulin Pumps
WY,Omnipod Go,Insulin Pumps
WY,Omnipod 5,Insulin Pumps
WY,Omnipod Dash,Insulin Pumps
WY,Omnipod Go,Insulin Pumps
