Therapeutic Category,Preferred,Non-Preferred
BETA-LACTAMS / CLAVULANATE COMBO'S,AMOXICILLIN/POTASSIUM CLA SUSR,
BETA-LACTAMS / CLAVULANATE COMBO'S,AMOXICILLIN/POTASSIUM CLA TABS,
BETA-LACTAMS / CLAVULANATE COMBO'S,AMPICILLIN,
BETA-LACTAMS / CLAVULANATE COMBO'S,BICILLIN L-A SUSP,
BETA-LACTAMS / CLAVULANATE COMBO'S,DICLOXACILLIN SODIUM CAPS,
BETA-LACTAMS / CLAVULANATE COMBO'S,OXACILLIN SODIUM SOLR,
BETA-LACTAMS / CLAVULANATE COMBO'S,PENICILLIN V POTASSIUM,
BETA-LACTAMS / CLAVULANATE COMBO'S,TIMENTIN SOLR,
BETA-LACTAMS / CLAVULANATE COMBO'S,UNASYN SOLR,
BETA-LACTAMS / CLAVULANATE COMBO'S,ZOSYN,
CEPHALOSPORINS,TAZICEF 6GM,
MACROLIDES / ERYTHROMYCIN'S,,ZITHROMAX SUSP
MACROLIDES / ERYTHROMYCIN'S,,ZMAX
MACROLIDES / ERYTHROMYCIN'S,,ZINPLAVA
TETRACYCLINES,DOXYCYCLINE MONOHYDRATE 100mg & 50mg CAPS,DECLOMYCIN TABS
TETRACYCLINES,,DOXYCYCLINE MONOHYDRATE 150mg & 75mg CAPS
TETRACYCLINES,,DYNACIN CAPS
TETRACYCLINES,,MINOLIRA ER
TETRACYCLINES,,NUZYRA1
TETRACYCLINES,,ORACEA
TETRACYCLINES,,PERIOSTAT
TETRACYCLINES,,SEYSARA2
TETRACYCLINES,,SOLODYN ER
TETRACYCLINES,,XIMINO
FLUOROQUINOLONES,,CIPRO
FLUOROQUINOLONES,,FACTIVE
FLUOROQUINOLONES,,LEVAQUIN TABS SOLN/INJ
FLUOROQUINOLONES,,LEVAQUIN TABS1
FLUOROQUINOLONES,,NOROXIN TABS
FLUOROQUINOLONES,,PROQUIN XR
AMINO GLYCOSIDES,,TOBRAMYCIN SULFATE SOLN2
AMINO GLYCOSIDES,,ZEMDRI2
ANTI-MYCOBACTERIALS / ANTI-TUBERCULOSIS,RIFAMPIN,
ANTIMALARIAL AGENTS,,MALARONE TABS
ANTIMALARIAL AGENTS,,PLAQUENIL TABS
ANTIBIOTICS - MISC.,XIFAXAN 200mg,REBYOTA5
ANTIBIOTICS - MISC.,,TINDAMAX
ANTIBIOTICS - MISC.,,VANCOMYCIN 10GM INJ.2
ANTIBIOTICS - MISC.,,XENLETA
ANTIBIOTICS - MISC.,,XIFAXAN
ANTIBIOTICS - MISC.,,VOWST5
CARBAPENEMS,,INVANZ SOLR
CARBAPENEMS,,MERREM SOLR
CARBAPENEMS,,PRIMAXIN
CARBAPENEMS,,RECARBRIO
LINCOSAMIDES / OXAZOLIDINONES / LEPROSTATICS,LINEZOLID 600mg TABS2,ZYVOX SUSR
LINCOSAMIDES / OXAZOLIDINONES / LEPROSTATICS,,ZYVOX TABS
ANTI INFECTIVE COMBO'S - MISC.,SULFAMETHOXAZOLE/TRIMETH,
ANTI INFECTIVE COMBO'S - MISC.,TRIMETHOPRIM/SULFAMETHOXA,
ANTIPROTOZOALS,LAMPIT2,
ANTIFUNGALS - ASSORTED,,GRISEOFULVIN ULTRAMICROSI TABS
ANTIFUNGALS - ASSORTED,,GRIS-PEG TABS
ANTIFUNGALS - ASSORTED,,REZZAYO9
ANTIFUNGALS - ASSORTED,,SPORANOX SOLN2
ANTIFUNGALS - ASSORTED,,SPORANOX PULSEPAK CAPS3
ANTIFUNGALS - ASSORTED,,SPORANOX CAPS3
ANTIFUNGALS - ASSORTED,,DIFLUCAN
ANTIFUNGALS - ASSORTED,,ERAXIS INJ6
ANTIFUNGALS - ASSORTED,,GRIFULVIN SUSP
ANTIFUNGALS - ASSORTED,,ONMEL
ANTIFUNGALS - ASSORTED,,NOXAFIL5
ANTIFUNGALS - ASSORTED,,TOLSURA
ANTIFUNGALS - ASSORTED,,VFEND TABS
ANTIFUNGALS - ASSORTED,,VIVJOA
ANTIRETROVIRALS,TYBOST,
ANTIRETROVIRALS,VIREAD POW,
ANTIRETROVIRALS,ZIDOVUDINE,
HERPES AGENTS,,ZOVIRAX1
HERPES AGENTS,,VALTREX TABS1
HERPES AGENTS,,FAMVIR TABS1
INFLUENZA AGENTS,,RIMANTADINE HCL TABS
INFLUENZA AGENTS,,TAMIFLU1
INFLUENZA AGENTS,,TAMIFLU SUS
INFLUENZA AGENTS,,XOFLUZA
IMMUNE SERUMS,HYPERRHO INJ,
HEPATITIS C AGENTS,SOFOSBUVIR/VELPATASVIR2 (Authorized generic labeler 72626 Asegua Therapeutics),COPEGUS TABS
HEPATITIS C AGENTS,,VIEKIRA PAK2
HEPATITIS C AGENTS,,VIEKIRA XR2
HEPATITIS C AGENTS,,VOSEVI
HEPATITIS C AGENTS,,ZEPATIER2
HEPATITIS AGENTS - MISC.,,ACTIMMUNE
HEPATITIS B ONLY,,TYZEKA
HEPATITIS B ONLY,,VEMLIDY
RSV PROPHYLAXIS,,SYNAGIS1
MULTIPLE SCLEROSIS - INTERFERONS,REBIF SOLN1,
MULTIPLE SCLEROSIS - NON-INTERFERONS,,MAYZENT
MULTIPLE SCLEROSIS - NON-INTERFERONS,,OCREVUS2
MULTIPLE SCLEROSIS - NON-INTERFERONS,,OCREVUS ZUNOVO2
MULTIPLE SCLEROSIS - NON-INTERFERONS,,PONVORY2
MULTIPLE SCLEROSIS - NON-INTERFERONS,,"TASCENSO ODT2,4"
MULTIPLE SCLEROSIS - NON-INTERFERONS,,TECFIDERA
MULTIPLE SCLEROSIS - NON-INTERFERONS,,VUMERITY
MULTIPLE SCLEROSIS - NON-INTERFERONS,,ZEPOSIA
MULTIPLE SCLEROSIS - MISC,,ZINBRYTA1
NEUROLOGICS - MISC.,,RUZURGI3
NEUROLOGICS - MISC.,,"SKYSONA4,6"
NEUROLOGICS - MISC.,,XEOMIN2
NEUROLOGICS- hATTR AGENTS,,AMVUTTRA1
NEUROLOGICS- hATTR AGENTS,,ONPATTRO1
NEUROLOGICS- hATTR AGENTS,,TEGSEDI1
NEUROLOGICS- hATTR AGENTS,,VYNDAMAX1
NEUROLOGICS- hATTR AGENTS,,VYNDAQEL1
NEUROLOGICS- hATTR AGENTS,,WAINUA1
NEUROLOGICS- SMA,ZOLGENSMA1,
NEUROLOGICS- SMA,"EVRYSDI1,2",
NEUROLOGICS- SMA,SPINRAZA1,
NEUROLOGICS- RETT SUNDROME,,"DAYBUE1,2"
ALS DRUGS,,QALSODY
ALS DRUGS,,RILUTEK TABS
ALS DRUGS,,RADICAVA1
ALS DRUGS,,RELYVRIO1
ALS DRUGS,,TIGLUTIK
MOVEMENT DISORDERS,AUSTEDO XR1,
MOVEMENT DISORDERS,INGREZZA1,
MOVEMENT DISORDERS,TETRABENAZINE1,
MUSCULAR DYSTROPHY AGENTS,,AMONDYS 451
MUSCULAR DYSTROPHY AGENTS,,DEFLAZACORT
MUSCULAR DYSTROPHY AGENTS,,ELEVIDYS3
MUSCULAR DYSTROPHY AGENTS,,EXONDYS 511
MUSCULAR DYSTROPHY AGENTS,,VILTEPSO3
MUSCULAR DYSTROPHY AGENTS,,VYONDYS 53
MYASTHENIA GRAVIS,,VYVGART1
MYASTHENIA GRAVIS,,VYVGART HYTRULO1
MYASTHENIA GRAVIS,,ZILBRYSQ1
FRIEDREICH'S ATAXIA AGENTS,,"SKYCLARYS1,2"
GLUCOCORTICOIDS/ MINERALOCORTICOIDS,BUDESONIDE EC 3mg DR CAPS,ALKINDI SPRINKLE
GLUCOCORTICOIDS/ MINERALOCORTICOIDS,CELESTONE SUSP,CORTEF 10 and 20 TABS
GLUCOCORTICOIDS/ MINERALOCORTICOIDS,PREDNISONE,
GLUCOCORTICOIDS/ MINERALOCORTICOIDS,SOLU-CORTEF SOLR,
GLUCOCORTICOIDS/ MINERALOCORTICOIDS,SOLU-MEDROL SOLR,
ANDROGENS / ANABOLICS,,DELATESTRYL OIL
ANDROGENS / ANABOLICS,,DEPO-TESTOSTERONE OIL
ANDROGENS / ANABOLICS,,FORTESTA
ANDROGENS / ANABOLICS,,HALOTESTIN TABS
ANDROGENS / ANABOLICS,,JATENZO
ANDROGENS / ANABOLICS,,METHITEST TAB
ANDROGENS / ANABOLICS,,METHYLTESTOSTERONE CAP
ANDROGENS / ANABOLICS,,OXANDROLONE
ANDROGENS / ANABOLICS,,STRIANT MUC ER
ANDROGENS / ANABOLICS,,TESTIM
ANDROGENS / ANABOLICS,,TESTOSTERONE GEL PACKETS
ANDROGENS / ANABOLICS,,TESTOSTERONE SOL
ANDROGENS / ANABOLICS,,TESTRED CAPS
ANDROGENS / ANABOLICS,,TLANDO
ANDROGENS / ANABOLICS,,VOGELXO
ANDROGENS / ANABOLICS,,XYOSTED
ESTROGENS - PATCHES / TOPICAL,,CLIMARA PTWK
ESTROGENS - PATCHES / TOPICAL,,ELESTRIN1
ESTROGENS - PATCHES / TOPICAL,,MENOSTAR PATCH
ESTROGENS - PATCHES / TOPICAL,,VIVELLE-DOT PTTW
ESTROGENS - TABS,,ESTRACE TABS
ESTROGENS - TABS,,ESTRATAB TABS
ESTROGENS - TABS,,MENEST TABS
ESTROGENS - TABS,,NORETHINDRON-ETHINYL
ESTROGENS - TABS,,ORTHO-EST TABS
ESTROGEN COMBO'S,,SYNTEST H.S. TABS1
PROGESTINS,,PROVERA TABS
CENTRAL PRECOCIOUS PUBERTY AGENTS,FENSOLVI1,
ENDOMETROSIS- NASAL,SYNAREL (NASAL) SPRAY,
ENDOMETROSIS/ UTERINE FIBROIDS- ORAL,"MYFEMBREE1,2",
ENDOMETROSIS- INJECTABLE,DEPO-SUBQ PROVERA 104,
CONTRACEPTIVES - PROGESTIN ONLY,HEATHER TAB,
CONTRACEPTIVES - PROGESTIN ONLY,NORETHINDRONE ACETATE 0.35MG TABS,
CONTRACEPTIVES - PROGESTIN ONLY,SLYND,
CONTRACEPTIVES - INJECTABLE,MEDROXYPROGESTERONE ACETATE 150mg IM,DEPO-PROVERA 150 mg SUSP
CONTRACEPTIVE - EMERGENCY,ELLA,
CONTRACEPTIVE - EMERGENCY,ENCONTRA ONE STEP,
CONTRACEPTIVE - EMERGENCY,ECONTRA EZ,
CONTRACEPTIVE - EMERGENCY,NEW DAY,
CONTRACEPTIVE - EMERGENCY,OPCION,
CONTRACEPTIVE - EMERGENCY,OPTION 2,
CONTRACEPTIVE - EMERGENCY,MY CHOICE,
CONTRACEPTIVE - EMERGENCY,MY WAY,
CONTRACEPTIVE - EMERGENCY,LEVONORGESTREL,
CONTRACEPTIVE - EMERGENCY,NEXT CHOICE1,
CONTRACEPTIVES - PATCHES/ VAGINAL PRODUCTS,XULANE2,
CONTRACEPTIVES- LONG ACTING REVERSIBLE,,LILETTA
CONTRACEPTIVES- LONG ACTING REVERSIBLE,,NEXPLANON
CONTRACEPTIVES- LONG ACTING REVERSIBLE,,PARAGARD
CONTRACEPTIVES- LONG ACTING REVERSIBLE,,SKYLA
CONTRACEPTIVES - MONOPHASIC COMBINATION O/C'S,HAILEY FE TAB,
CONTRACEPTIVES - MONOPHASIC COMBINATION O/C'S,LARIN FE TAB,
CONTRACEPTIVES - MONOPHASIC COMBINATION O/C'S,YAZ,
CONTRACEPTIVES - BI-PHASIC COMBINATIONS,CAMRESE,
CONTRACEPTIVES - BI-PHASIC COMBINATIONS,CAMRESE LO,
CONTRACEPTIVES - BI-PHASIC COMBINATIONS,DESOGESTREL/ ETH/ ESTRAD 0.15/30mcg,
CONTRACEPTIVES - BI-PHASIC COMBINATIONS,KARIVA TABS,
CONTRACEPTIVES - BI-PHASIC COMBINATIONS,LO LOESTRIN FE,
CONTRACEPTIVES - BI-PHASIC COMBINATIONS,PIMTREA TAB,
CONTRACEPTIVES - BI-PHASIC COMBINATIONS,NORETHINDRONE-ETH ESTRADIOL TAB 0.5-35/1-35,
CONTRACEPTIVES - BI-PHASIC COMBINATIONS,SIMPESSE TBDSPK 3MO,
CONTRACEPTIVES - BI-PHASIC COMBINATIONS,VIORELE TAB,
CONTRACEPTIVES - TRI-PHASIC COMBINATIONS,TRIPHASIL 28 TABS,
CONTRACEPTIVES - TRI-PHASIC COMBINATIONS,TRI-LO-MILI TAB,
CONTRACEPTIVES - TRI-PHASIC COMBINATIONS,TRI-LO-ESTARYLLA TAB,
CONTRACEPTIVES - TRI-PHASIC COMBINATIONS,TRI-ESTARYLLA,
CONTRACEPTIVES - TRI-PHASIC COMBINATIONS,TRI-SPRINTEC TAB,
CONTRACEPTIVES - TRI-PHASIC COMBINATIONS,TRI-LO-SPRINTEC,
CONTRACEPTIVES - TRI-PHASIC COMBINATIONS,TRINESSA,
CONTRACEPTIVES - MULTI-PHASIC COMBINATIONS,,NATAZIA
VASOMOTOR SYMPTOMS AGENTS,,VEOZAH
DIABETIC- SUPPLIES,"CONTINUOUS GLUCOSE MONITORING1,2",
DIABETIC- SUPPLIES,DIABETIC- LANCETS,
DIABETIC- SUPPLIES,DIABETIC- LANCING DEVICES,
DIABETIC- SUPPLIES,DIABETIC- LANCING DEVICES,
DIABETIC- SUPPLIES,DIABETIC- PEN NEEDLES,
DIABETIC- SUPPLIES,DIABETIC- SYRINGES,
DIABETIC- SUPPLIES,DIABETIC- TEST STRIPS,
DIABETIC- SUPPLIES,DIABETIC- METERS,
DIABETIC - INSULIN,,NOVOLOG MIX 70/30 FLEXPEN
DIABETIC - INSULIN,,RELION
DIABETIC - PENFILLS,LANTUS SOLOSTAR,
DIABETIC - PENFILLS,LEVEMIR FLEXTOUCH,
DIABETIC - PENFILLS,LEVEMIR FLEXPEN,
DIABETIC - PENFILLS,TOUJEO MAX SOLOSTAR,
DIABETIC - PENFILLS,TOUJEO SOLOSTAR,
DIABETIC - DPP- 4 ENZYME INHIBITOR,,QTERN
DIABETIC - DPP- 4 ENZYME INHIBITOR,,ZITUVIO
DIABETIC - DPP- 4 ENZYME INHIBITOR-COMBO,,OSENI
DIABETIC - DPP- 4 ENZYME INHIBITOR-COMBO,,ZITUVIMET
DIABETIC - DPP- 4 ENZYME INHIBITOR-COMBO,,ZITUVIMET XR
DIABETIC - OTHER,,CYCLOSET
DIABETIC - OTHER,,SYMLIN
SGLT 2 INHIBITOR COMBINATIONS,,SEGLUROMET
SGLT 2 INHIBITOR COMBINATIONS,,STEGLUJAN
SGLT 2 INHIBITOR COMBINATIONS,,TRIJARDY XR
DIABETIC MONITOR,,EXACTECH
DIABETIC MONITOR,,FREESTYLE INSULINX
DIABETIC MONITOR,,FREESTYLE LITE SYSTEM KIT
DIABETIC MONITOR,,ONE TOUCH ULTRA SMART KIT
DIABETIC MONITOR,,PRECISION XTRA METER
DIABETIC MONITOR,,PRODIGY
DIABETIC TEST STRIPS,,CONTOUR BREEZE Z
DIABETIC TEST STRIPS,,EXACTECH
DIABETIC TEST STRIPS,,FREESTYLE
DIABETIC TEST STRIPS,,FREESTYLE LITE
DIABETIC TEST STRIPS,,FREESTYLE INSULINX
DIABETIC TEST STRIPS,,ONE TOUCH DELICA
DIABETIC TEST STRIPS,,PRECISION XTRA
DIABETIC TEST STRIPS,,PRODIGY
INCRETIN MIMETIC,,MOUNJARO
INCRETIN MIMETIC,,SOLIQUA
INCRETIN MIMETIC,,XULTOPHY
DIABETIC - ORAL SULFONYLUREAS,TOLAZAMIDE TABS,
DIABETIC - ORAL SULFONYLUREAS,TOLBUTAMIDE TABS,
DIABETIC -ORAL BIGUANIDES,,FORTAMET
DIABETIC -ORAL BIGUANIDES,,METFORMIN ER OSMOTIC
DIABETIC - THIAZOL / BIGUANIDE COMBO,,ACTOPLUS MET1
DIABETIC - THIAZOL / BIGUANIDE COMBO,,ACTOPLUS MET XR
DIABETIC - THIAZOL / BIGUANIDE COMBO,,AVANDARYL1
DIABETIC - THIAZOL / BIGUANIDE COMBO,,AVANDAMET TABS1
DIABETIC - / THIAZOL,,AVANDIA TABS2
DIABETIC - ALPHAGLUCOSIDASE,,PRECOSE TABS
DIABETIC - SULFONYLUREA / BIGUANIDE,,METAGLIP TABS1
DIABETIC - SULFONYLUREA / BIGUANIDE,,DUETACT2
DIABETIC - MEGLITINIDES,,STARLIX TABS
GLUCOSE ELEVATING AGENTS,,GVOKE3
GLUCOSE ELEVATING AGENTS,,ZEGALOGUE5
THYROID EYE DISEASE,,TEPEZZA
THYROID HORMONES,LEVOTHYROXINE SODIUM TABS,
THYROID HORMONES,LEVOXYL TABS,
THYROID HORMONES,UNITHROID TABS,
ANTITHYROID THERAPIES,PROPYLTHIOURACIL TABS,
CUSHING DISEASE AGENTS,,ISTURISA1
CUSHING DISEASE AGENTS,,RECORLEV
OSTEOPOROSIS,,AREDIA SOLR
OSTEOPOROSIS,,BINOSTO
OSTEOPOROSIS,,BONIVA INJECTION KIT
OSTEOPOROSIS,,"BONIVA TABS2,4"
OSTEOPOROSIS,,CALCITONIN NS
OSTEOPOROSIS,,DUAVEE
OSTEOPOROSIS,,DIDRONEL TABS
OSTEOPOROSIS,,EVISTA TABS1
OSTEOPOROSIS,,EVENITY2
OSTEOPOROSIS,,FORTEO
OSTEOPOROSIS,,FORTICAL
OSTEOPOROSIS,,FOSAMAX TABS AND PLUS D3
OSTEOPOROSIS,,PROLIA
OSTEOPOROSIS,,SOHONOS6
OSTEOPOROSIS,,STRENSIQ5
OSTEOPOROSIS,,TYMLOS
OSTEOPOROSIS,,XGEVA
OSTEOPOROSIS,,ZOMETA
FIBROBLAST GROWTH FACTOR 23 INHIBITORS,CRYSVITA1,
CALCIMIMETIC AGENTS,,PARSABIV
CALCIMIMETIC AGENTS,,SENSIPAR
GROWTH HORMONE,,NGENLA
GROWTH HORMONE,,OMNITROPE
GROWTH HORMONE,,SAIZEN SOLR
GROWTH HORMONE,,SOGROYA
GROWTH HORMONE,,TEV-TROPIN
ACHONDROPLASIA TREATMENT,,VOXZOGO1
SOMATOSTATIC AGENTS,,OCTREOTIDE INJ1
SOMATOSTATIC AGENTS,,BYNFEZIA1
SOMATOSTATIC AGENTS,,MYCAPSSA1
SOMATOSTATIC AGENTS,,SANDOSTATIN1
SOMATOSTATIC AGENTS,,SOMATULINE1
GH ANTAGONISTS,,SOMAVERT
VASOPRESSIN RECEPTOR ANTAGONIST,,JYNARQUE1
VASOPRESSIN RECEPTOR ANTAGONIST,,SAMSCA
VASOPRESSINS,,DESMOPRESSIN ACETATE SOLN1
VASOPRESSINS,,NOCDURNA1
VASOPRESSINS,,NOCTIVA1
VASOPRESSINS,,"STIMATE SOLN1,2"
ANTISPASMODICS,,TOLTERODINE
UREA CYCLE DISORDER,,OLPRUVA
UREA CYCLE DISORDER,,SODIUM PHENYLBUTYRATE POWDER
UREA CYCLE DISORDER,,SODIUM PHENYLBUTYRATE TAB
HERED. TYROSINEMIA,,ORFADIN
FABRY DISEASE AGENTS,,ELFABRIO1
FABRY DISEASE AGENTS,,FABRAZYME2
FABRY DISEASE AGENTS,,GALAFOLD1
CARDIAC GLYCOSIDES,DIGITEK TABS,
CARDIAC GLYCOSIDES,DIGOXIN,
CARDIAC GLYCOSIDES,LANOXIN,
CARDIAC MYOSIN INHIBITORS,,CAMZYOS
CARDIAC - SINUS NODE INHIBITORS,,CORLANOR
CARDIAC- ERAs,,TRYVIO
CARDIAC- SOLUBLE GUANYLATE CYCLASE STIMULATORS,,VERQUVO
CARDIAC RISK REDUCTION- SGLT2/GLP-1,,INPEFA1
CARDIAC RISK REDUCTION- SGLT2/GLP-1,,WEGOVY
ANTIANGINALS--Isosorbide Di-nitrate/ Mono-Nitrates,,ISORDIL TITRADOSE TABS
ANTIANGINALS--Isosorbide Di-nitrate/ Mono-Nitrates,,ISOSORBIDE DINITRATE SUBL
ANTIANGINALS--Isosorbide Di-nitrate/ Mono-Nitrates,,ISOSORBIDE DINITRATE TABS
ANTIANGINALS--Isosorbide Di-nitrate/ Mono-Nitrates,,ISOSORBIDE DINITRATE CR TBCR
ANTIANGINALS--Isosorbide Di-nitrate/ Mono-Nitrates,,ISOSORBIDE DINITRATE ER TBCR
ANTIANGINALS--Isosorbide Di-nitrate/ Mono-Nitrates,,ISOSORBIDE DINITRATE TD TBCR
ANTIANGINALS--Isosorbide Di-nitrate/ Mono-Nitrates,,IMDUR TB24
ANTIANGINALS--Isosorbide Di-nitrate/ Mono-Nitrates,,ISMO TABS
ANTIANGINALS--Isosorbide Di-nitrate/ Mono-Nitrates,,MONOKET TABS
NITRO - OINTMENT/CAP/CR,NITROBID OINT,
NITRO - OINTMENT/CAP/CR,NITROGLYCERIN CPCR,
NITRO - OINTMENT/CAP/CR,NITROL OINT,
NITRO - OINTMENT/CAP/CR,NITRO-TIME CPCR,
NITRO - SUBLINGUAL/ SPRAY,,NITROLINGUAL SOLN
NITRO - SUBLINGUAL/ SPRAY,,NITROLINGUAL TABS
BETA BLOCKERS - CARDIO SELECTIVE,METOPROLOL ER,
BETA BLOCKERS - CARDIO SELECTIVE,NEBIVOLOL HCL TAB,
"CALCIUM CHANNEL BLOCKERS--Amlodipines, Bepridil, Diltiazems, Felodipines, Isradipines, Nifedipines, Nisoldipine, and Verapamils",,NORLIQVA
"CALCIUM CHANNEL BLOCKERS--Amlodipines, Bepridil, Diltiazems, Felodipines, Isradipines, Nifedipines, Nisoldipine, and Verapamils",,NORVASC TABS1
"CALCIUM CHANNEL BLOCKERS--Amlodipines, Bepridil, Diltiazems, Felodipines, Isradipines, Nifedipines, Nisoldipine, and Verapamils",TIAZAC CP241,
"CALCIUM CHANNEL BLOCKERS--Amlodipines, Bepridil, Diltiazems, Felodipines, Isradipines, Nifedipines, Nisoldipine, and Verapamils",,PLENDIL TB24
"CALCIUM CHANNEL BLOCKERS--Amlodipines, Bepridil, Diltiazems, Felodipines, Isradipines, Nifedipines, Nisoldipine, and Verapamils",,FELODIPINE
"CALCIUM CHANNEL BLOCKERS--Amlodipines, Bepridil, Diltiazems, Felodipines, Isradipines, Nifedipines, Nisoldipine, and Verapamils",,DYNACIRC CAPS
"CALCIUM CHANNEL BLOCKERS--Amlodipines, Bepridil, Diltiazems, Felodipines, Isradipines, Nifedipines, Nisoldipine, and Verapamils",,DYNACIRC CR TBCR1
"CALCIUM CHANNEL BLOCKERS--Amlodipines, Bepridil, Diltiazems, Felodipines, Isradipines, Nifedipines, Nisoldipine, and Verapamils",,CARDENE SR CPCR
"CALCIUM CHANNEL BLOCKERS--Amlodipines, Bepridil, Diltiazems, Felodipines, Isradipines, Nifedipines, Nisoldipine, and Verapamils",,NICARDIPINE HCL CAPS
"CALCIUM CHANNEL BLOCKERS--Amlodipines, Bepridil, Diltiazems, Felodipines, Isradipines, Nifedipines, Nisoldipine, and Verapamils",NIFEDIPINE ER TBCR,
"CALCIUM CHANNEL BLOCKERS--Amlodipines, Bepridil, Diltiazems, Felodipines, Isradipines, Nifedipines, Nisoldipine, and Verapamils",,SULAR TB24
"CALCIUM CHANNEL BLOCKERS--Amlodipines, Bepridil, Diltiazems, Felodipines, Isradipines, Nifedipines, Nisoldipine, and Verapamils",,SULAR CR1
"CALCIUM CHANNEL BLOCKERS--Amlodipines, Bepridil, Diltiazems, Felodipines, Isradipines, Nifedipines, Nisoldipine, and Verapamils",,ISOPTIN-SR
"CALCIUM CHANNEL BLOCKERS--Amlodipines, Bepridil, Diltiazems, Felodipines, Isradipines, Nifedipines, Nisoldipine, and Verapamils",,VERAPAMIL HCL ER CP24
"CALCIUM CHANNEL BLOCKERS--Amlodipines, Bepridil, Diltiazems, Felodipines, Isradipines, Nifedipines, Nisoldipine, and Verapamils",,VERAPAMIL HCL SR CP24
"CALCIUM CHANNEL BLOCKERS--Amlodipines, Bepridil, Diltiazems, Felodipines, Isradipines, Nifedipines, Nisoldipine, and Verapamils",,VERAPAMIL HCL TABS
"CALCIUM CHANNEL BLOCKERS--Amlodipines, Bepridil, Diltiazems, Felodipines, Isradipines, Nifedipines, Nisoldipine, and Verapamils",,VERELAN CP24
"CALCIUM CHANNEL BLOCKERS--Amlodipines, Bepridil, Diltiazems, Felodipines, Isradipines, Nifedipines, Nisoldipine, and Verapamils",,VERELAN PM CP24
ANTIARRHYTHMICS,,RYTHMOL
ACE INHIBITORS,,MONOPRIL HCT TABS1
ACE INHIBITORS,,PRINIVIL TABS1
ACE INHIBITORS,,QBRELIS
ACE INHIBITORS,,UNIVASC1
ACE INHIBITORS,,VASOTEC TABS1
ACE INHIBITORS,,ZESTRIL TABS1
ANGIOTENSIN RECEPTOR BLOCKER,,TEVETEN TABS
DIRECT RENIN INHIBITOR,,AMTURNIDE
DIRECT RENIN INHIBITOR,,TEKTURNA1
DIRECT RENIN INHIBITOR,,TEKAMLO
ANTIHYPERTENSIVES - CENTRAL,RESERPINE TABS,
ACE INHIBITORS AND CA CHANNEL BLOCKERS,,AMLODIPINE/BENAZEPRIL
ACE INHIBITORS AND CA CHANNEL BLOCKERS,,PRESTALIA1
ACE INHIBITORS AND CA CHANNEL BLOCKERS,,TARKA TBCR
ACE INHIBITORS AND CA CHANNEL BLOCKERS,,LOTREL CAPS
ACE AND THIAZIDE COMBO'S,,ZESTORETIC TABS
BETA BLOCKERS AND DIURETIC COMBO'S,,TIMOLIDE 10/25 TABS
BETA BLOCKERS AND DIURETIC COMBO'S,,ZIAC TABS
ARB'S AND CA CHANNEL BLOCKERS,,EXFORGE HCT
ARB'S AND DIURETICS,,HYZAAR TABS
ARB'S AND DIURETICS,,TEVETEN HCT TABS
ANGIOTENSIN MODULATORS-ARB COMBINATION,,ENTRESTO SPRINKLES
ARB'S AND DIRECT RENIN INHIBITOR COMBINATION,,VALTURNA
DIURETICS,,MAXZIDE
DIURETICS,,MICROZIDE CAPS
DIURETICS,,MIDAMOR TABS
DIURETICS,,NAQUA TABS
CCB / LIPID,,CADUET
NEUROGENIC ORTHOSTATIC HYPOTENSION,,NORTHERA
CHOLESTEROL - BILE SEQUESTRANTS,,QUESTRAN
CHOLESTEROL - BILE SEQUESTRANTS,,WELCHOL TABS
CHOLESTEROL - FIBRIC ACID DERIVATIVES,NIACIN ER,FENOFIBRATE 120mg TAB
CHOLESTEROL - FIBRIC ACID DERIVATIVES,,FENOFIBRATE CAP
CHOLESTEROL - FIBRIC ACID DERIVATIVES,,FIBRICOR
CHOLESTEROL - FIBRIC ACID DERIVATIVES,,LIPOFEN
CHOLESTEROL - FIBRIC ACID DERIVATIVES,,LOFIBRA
CHOLESTEROL - FIBRIC ACID DERIVATIVES,,NIASPAN ER
CHOLESTEROL - FIBRIC ACID DERIVATIVES,,TRICOR
CHOLESTEROL - FIBRIC ACID DERIVATIVES,,TRIGLIDE
CHOLESTEROL - HMG COA + ABSORB INHIBITORS MORE POTENT DRUGS/COMBINATIONS,,LIPTRUZET
CHOLESTEROL - HMG COA + ABSORB INHIBITORS MORE POTENT DRUGS/COMBINATIONS,,ZOCOR
CHOLESTEROL - HMG COA + ABSORB INHIBITORS MORE POTENT DRUGS/COMBINATIONS,,"SIMVASTATIN 80MG1,2"
CHOLESTEROL - HMG COA + ABSORB INHIBITORS MORE POTENT DRUGS/COMBINATIONS,,VYTORIN
CHOLESTEROL - HMG COA + ABSORB INHIBITORS LESS POTENT DRUGS/COMBINATIONS,,LIVALO
CHOLESTEROL - HMG COA + ABSORB INHIBITORS LESS POTENT DRUGS/COMBINATIONS,,MEVACOR TABS
CHOLESTEROL - HMG COA + ABSORB INHIBITORS LESS POTENT DRUGS/COMBINATIONS,,NEXLETOL
CHOLESTEROL - HMG COA + ABSORB INHIBITORS LESS POTENT DRUGS/COMBINATIONS,,NEXLIZET
CHOLESTEROL - HMG COA + ABSORB INHIBITORS LESS POTENT DRUGS/COMBINATIONS,,PRAVACHOL TABS
CHOLESTEROL - HMG COA + ABSORB INHIBITORS LESS POTENT DRUGS/COMBINATIONS,,PRAVIGARD
CHOLESTEROL - HMG COA + ABSORB INHIBITORS LESS POTENT DRUGS/COMBINATIONS,,ZETIA TABS
FAMILIAL HYPERCHOLESTEROLEMIA,,KYNAMRO1
FAMILIAL HYPERCHOLESTEROLEMIA,,LEQVIO
PULMONARY ANTI-HYPERTENSIVES,,LIQREV
PULMONARY ANTI-HYPERTENSIVES,,"OPSUMIT1,2"
PULMONARY ANTI-HYPERTENSIVES,,OPSYNVI4
PULMONARY ANTI-HYPERTENSIVES,,ORENITRAM
PULMONARY ANTI-HYPERTENSIVES,,REMODULIN3
PULMONARY ANTI-HYPERTENSIVES,,REVATIO4
PULMONARY ANTI-HYPERTENSIVES,,TADLIQ4
PULMONARY ANTI-HYPERTENSIVES,,TYVASO
PULMONARY ANTI-HYPERTENSIVES,,UPTRAVI
PULMONARY ANTI-HYPERTENSIVES,,VELVETRI3
PULMONARY ANTI-HYPERTENSIVES,,WINREVAIR4
ERA / ENDOTHELIN RECEPTOR ANTAGONIST,"LETAIRIS1,2",
ERA / ENDOTHELIN RECEPTOR ANTAGONIST,TRACLEER,
ANTIEMETIC - ANTICHOLINERGIC / DOPAMINERGIC,,PROMETHAZINE 50MG SUPP
ANTIEMETIC - ANTICHOLINERGIC / DOPAMINERGIC,,PROMETHEGAN SUPP
ANTIEMETIC - ANTICHOLINERGIC / DOPAMINERGIC,,TORECAN TABS
ANTIEMETIC - 5-HT3 RECEPTOR ANTAGONISTS/ SUBSTANCE P NEUROKININ,,CESAMET1
ANTIEMETIC - 5-HT3 RECEPTOR ANTAGONISTS/ SUBSTANCE P NEUROKININ,,CINVANTI4
ANTIEMETIC - 5-HT3 RECEPTOR ANTAGONISTS/ SUBSTANCE P NEUROKININ,,EMEND2
ANTIEMETIC - 5-HT3 RECEPTOR ANTAGONISTS/ SUBSTANCE P NEUROKININ,,"FOCINVEZ1,2"
ANTIEMETIC - 5-HT3 RECEPTOR ANTAGONISTS/ SUBSTANCE P NEUROKININ,,KYTRIL
ANTIEMETIC - 5-HT3 RECEPTOR ANTAGONISTS/ SUBSTANCE P NEUROKININ,,MARINOL CAPS
ANTIEMETIC - 5-HT3 RECEPTOR ANTAGONISTS/ SUBSTANCE P NEUROKININ,,SANCUSO
ANTIEMETIC - 5-HT3 RECEPTOR ANTAGONISTS/ SUBSTANCE P NEUROKININ,,SUSTOL
ANTIEMETIC - 5-HT3 RECEPTOR ANTAGONISTS/ SUBSTANCE P NEUROKININ,,SYNDROS
ANTIEMETIC - 5-HT3 RECEPTOR ANTAGONISTS/ SUBSTANCE P NEUROKININ,,TRIMETHOBENZAMIDE CAP
ANTIEMETIC - 5-HT3 RECEPTOR ANTAGONISTS/ SUBSTANCE P NEUROKININ,,VARUBI
ANTIEMETIC - 5-HT3 RECEPTOR ANTAGONISTS/ SUBSTANCE P NEUROKININ,,ZOFRAN ODT TBDP3
ANTIEMETIC - 5-HT3 RECEPTOR ANTAGONISTS/ SUBSTANCE P NEUROKININ,,ZOFRAN TABS3
ANTIEMETIC - 5-HT3 RECEPTOR ANTAGONISTS/ SUBSTANCE P NEUROKININ,,ZOFRAN INJ3
ANTIEMETIC - 5-HT3 RECEPTOR ANTAGONISTS/ SUBSTANCE P NEUROKININ,,ZUPLENZ
ANTIHISTIMINES - NON-SEDATING,,"ZYRTEC SYR1,2"
ANTIHISTIMINES - NON-SEDATING,,ALLEGRA3
ANTIHISTIMINES - NON-SEDATING,,CLARITIN3
ANTIHISTIMINES - NON-SEDATING,,DESLORATADIN
ANTIHISTIMINES - NON-SEDATING,,LORATADINE ODT4
ANTIHISTIMINES - NON-SEDATING,,LEVOCETIRIZINE4
ANTIHISTIMINES - NON-SEDATING,,XYZAL3
ANTIHISTIMINES - OTHER,CLEMASTINE,
ANTIHISTIMINES - OTHER,CHLORPHENIRAMINE,
ANTIHISTIMINES - OTHER,DIPHENHYDRAMINE,
ALLERGEN IMMUNOTHERAPY,,ODACTRA
ALLERGEN IMMUNOTHERAPY,,ORALAIR1
ALLERGEN IMMUNOTHERAPY,,PALFORZIA
ALLERGEN IMMUNOTHERAPY,,RAGWITEK
ALLERGEN IMMUNOTHERAPY,,GRASTEK
ANTIASTHMATIC - ANTICHOLINERGICS - INHALER,SPIRIVA RESPIMAT,
ANTIASTHMATIC - PHOSPHODIESTERASE 4 INHIBITORS,,OHTUVAYRE1
ANTIASTHMATIC - ANTICHOLINERGICS - NEBULIZER,,YUPELRI
ANTIASTHMATIC - ANTIINFLAMMATORY AGENTS,FASENRA2 AUTO INJCT,
ANTIASTHMATIC - ANTIINFLAMMATORY AGENTS,XOLAIR1,
ANTIASTHMATIC - NASAL STEROIDS,,"RHINOCORT AQUA SUSP2,3"
ANTIASTHMATIC - NASAL STEROIDS,,RYALTRIS4
ANTIASTHMATIC - NASAL STEROIDS,,"TRI-NASAL SOLN2,3"
ANTIASTHMATIC - NASAL STEROIDS,,"VANCENASE POCKETHALER AERS2,3"
ANTIASTHMATIC - NASAL STEROIDS,,"VERAMYST2,3"
ANTIASTHMATIC - NASAL STEROIDS,,XHANCE2
ANTIASTHMATIC - NASAL STEROIDS,,ZETONNA3
ANTIASTHMATIC - NASAL MISC.,IPRATROPIUM NASAL SOL1,
ANTIASTHMATIC - BETA - ADRENERGICS,ALBUTEROL HFA (Teva labeler 00093 AND Sandoz 00781),ALBUTEROL HFA
ANTIASTHMATIC - BETA - ADRENERGICS,TERBUTALINE SULFATE TABS,
ANTIASTHMATIC - BETA - ADRENERGICS,ALBUTEROL 0.63mg/3ml,
ANTIASTHMATIC - BETA - ADRENERGICS,VENTOLIN HFA AERS,
ANTIASTHMATIC - ADRENERGIC COMBINATIONS,DULERA,
ANTIASTHMATIC - ADRENERGIC COMBINATIONS,FLUTICASONE-SALMETEROL,
ANTIASTHMATIC - ADRENERGIC COMBINATIONS,SYMBICORT,
ANTIASTHMATIC - ADRENERGIC ANTICHOLINERGIC,STIOLTO,
ANTIASTHMATIC - XANTHINES,THEOPHYLLINE CR TB12,
ANTIASTHMATIC - XANTHINES,THEOPHYLLINE ELIX,
ANTIASTHMATIC - XANTHINES,THEOPHYLLINE SOLN,
ANTIASTHMATIC - XANTHINES,THEOPHYLLINE ER CP12,
ANTIASTHMATIC - XANTHINES,THEOPHYLLINE ER TB12,
ANTIASTHMATIC - STEROID INHALANTS,QVAR AERS3,
ANTIASTHMATIC - 5-Lipoxygenase Inhibitors,,ZYFLO CR TABS
ANTIASTHMATIC - ALPHA-PROTEINASE INHIBITOR,,ARALAST
ANTIASTHMATIC - ALPHA-PROTEINASE INHIBITOR,,ZEMAIRA
ANTIASTHMATIC - ALPHA-PROTEINASE INHIBITOR,,GLASSIA
ANTIASTHMATIC - ALPHA-PROTEINASE INHIBITOR,,PROLASTIN SUSR
ANTIASTHMATIC - HYDRO-LYTIC ENZYMES,,PULMOZYME SOLN
ANTIASTHMATIC-CFTR POTENTIATOR AND COMBINATIONS,,BRONCHITOL1
ANTIASTHMATIC-CFTR POTENTIATOR AND COMBINATIONS,,ORKAMBI
ANTIASTHMATIC-CFTR POTENTIATOR AND COMBINATIONS,,KALYDECO
ANTIASTHMATIC-CFTR POTENTIATOR AND COMBINATIONS,,SYMDEKO
ANTIASTHMATIC-CFTR POTENTIATOR AND COMBINATIONS,,TRIKAFTA
IDIOPATHIC PULMONARY FIBROSIS,,PIRFENIDONE
COUGH/COLD,DEXTROMETHORPHAN CAPS1,
COUGH/COLD,DEXTRO-GUAIF SYRP1,
COUGH/COLD,GUAIFENESIN SYRP1,
COUGH/COLD,PSEUDOEPHEDRINE1,
COUGH/COLD,ROBITUSSIN DM SYRP1,
COUGH/COLD,ROBITUSSIN SUGAR FREE SYRP1,
GI - ANTIPERISTALTIC AGENTS,OPIUM TINCTURE TINC,
GI - ANTIPERISTALTIC AGENTS,PAREGORIC TINC,
GI - ANTI-DIARRHEAL/ ANTACID - MISC.,TUMS,
GI- BILE ACID,,CHOLBAM
GI- EOSINOPHILIC ESOPHAGITIS,EOHILIA1,
GI - H2-ANTAGONISTS,,PEPCID
GI - H2-ANTAGONISTS,,PEPCID AC
GI- IBAT INHIBITORS,,"BYLVAY1,2"
GI- IBAT INHIBITORS,,"LIVMARLI1,2"
GI - PROTON PUMP INHIBITOR,,ACIPHEX TBEC3
GI - PROTON PUMP INHIBITOR,,DEXILANT (KAPIDEX)2
GI - PROTON PUMP INHIBITOR,,KONVOMEP2
GI - PROTON PUMP INHIBITOR,,OMEPRAZOLE-SODIUM BICARBONATE CAPS
GI - PROTON PUMP INHIBITOR,,OMEPRAZOLE MAGNESIUM
GI - PROTON PUMP INHIBITOR,,PREVACID CPDR3
GI - PROTON PUMP INHIBITOR,,"PREVACID SOLUTABS1,4"
GI - PROTON PUMP INHIBITOR,,PRILOSEC CPDR
GI - PROTON PUMP INHIBITOR,,PROTONIX INJ
GI - PROTON PUMP INHIBITOR,,PROTONIX2
GI - PROTON PUMP INHIBITOR,,VOQUEZNA TABS
GI - DIGESTIVE ENZYMES,,VIOKACE
GI - ANTI - FLATULENTS / GI STIMULANTS,GASTROCROM CONC,
GI - ANTI - FLATULENTS / GI STIMULANTS,GENERLAC SYRP,
GI - ANTI - FLATULENTS / GI STIMULANTS,LACTULOSE SYRP,
GI - ANTI - FLATULENTS / GI STIMULANTS,METOCLOPRAMIDE HCL,
GI - INFLAMMATORY BOWEL AGENTS,,GIAZO
GI - INFLAMMATORY BOWEL AGENTS,,LIALDA TABS1
GI - INFLAMMATORY BOWEL AGENTS,,MESALAMINE TAB
GI - INFLAMMATORY BOWEL AGENTS,,ROWASA ENEM
GI - INFLAMMATORY BOWEL AGENTS,,SFROWASA
GI - INFLAMMATORY BOWEL AGENTS,,UCERIS RECTAL FOAM2
GI - INFLAMMATORY BOWEL AGENTS,,UCERIS TABS2
GI- SHORT BOWL SYNDROME,,GATTEX
GI- NASH,,REZDIFFRA
GI - MISC.,MAALOX,LINZESS 72mcg4
GI - MISC.,,URSO 250
GI - MISC.,,XERMELO2
UROLOGICAL - MISC.,URELIEF PLUS,
UROLOGICAL - MISC.,UREX TABS,
UROLOGICAL - MISC.,URISED TABS,
UROLOGICAL - MISC.,UROQID #2 TABS,
PHOSPHATE BINDERS,,XPHOZAH
VAGINAL - ANTIBACTERIALS,METRONIDAZOLE VAGINAL GEL1,
VAGINAL - ANTIBACTERIALS,NUVESSA,
VAGINAL - ANTI FUNGALS,VAGITROL,
VAGINAL - ANTI FUNGALS,V-R MICONAZOLE-7 CREA,
VAGINAL - OTHER,ACI-JEL GEL,
VAGINAL - OTHER,CERVICAL AMINO ACID CREA,
BPH,FINASTERIDE1 5mg,ALFUZOSIN
BPH,,"ENTADFI5,6"
BPH,,"JALYN3,4"
BPH,,PROSCAR TABS4
BPH,,RAPAFLO4
BPH,,UROXATRAL4
ANXIOLYTICS - BENZODIAZEPINES,,XANAX TABS
ANXIOLYTICS - BENZODIAZEPINES,,XANAX XR
ANXIOLYTICS - MISC.,HYDROXYZINE PAMOATE CAPS,
ANXIOLYTICS - MISC.,MEPROBAMATE TABS,
ANTIDEPRESSANTS - MAO INHIBITORS TOPICAL,,EMSAM1
ANTIDEPRESSANTS - SELECTED SSRI's AND OTHERS,BUPROPION XL 150mg and 300mg,BUPROPION XL 450mg
ANTIDEPRESSANTS - SELECTED SSRI's AND OTHERS,FLUOXETINE 10mg AND 20mg AND 40mg CAPS,EFFEXOR TABS
ANTIDEPRESSANTS - SELECTED SSRI's AND OTHERS,MIRTAZAPINE,FLUOXETINE 10mg AND 20mg AND 60mg TABS
ANTIDEPRESSANTS - SELECTED SSRI's AND OTHERS,,MIRTAZAPINE ODT
ANTIDEPRESSANTS - SELECTED SSRI's AND OTHERS,,OLEPTRO
ANTIDEPRESSANTS - SELECTED SSRI's AND OTHERS,,PAROXETINE CR1
ANTIDEPRESSANTS - SELECTED SSRI's AND OTHERS,,PAXIL1
ANTIDEPRESSANTS - SELECTED SSRI's AND OTHERS,,PAXIL CR1
ANTIDEPRESSANTS - SELECTED SSRI's AND OTHERS,,PRISTIQ
ANTIDEPRESSANTS - SELECTED SSRI's AND OTHERS,,PROZAC
ANTIDEPRESSANTS - SELECTED SSRI's AND OTHERS,,PROZAC CAPS
ANTIDEPRESSANTS - SELECTED SSRI's AND OTHERS,,PROZAC WEEKLY CPDR
ANTIDEPRESSANTS - SELECTED SSRI's AND OTHERS,,REMERON TABS
ANTIDEPRESSANTS - SELECTED SSRI's AND OTHERS,,SARAFEM CAPS
ANTIDEPRESSANTS - SELECTED SSRI's AND OTHERS,,SPRAVATO8
ANTIDEPRESSANTS - SELECTED SSRI's AND OTHERS,,TRAZODONE HCL 300MG TABS
ANTIDEPRESSANTS - SELECTED SSRI's AND OTHERS,,TRINTELLIX
ANTIDEPRESSANTS - SELECTED SSRI's AND OTHERS,,WELLBUTRIN TABS
ANTIDEPRESSANTS - SELECTED SSRI's AND OTHERS,,WELLBUTRIN SR TBCR
ANTIDEPRESSANTS - SELECTED SSRI's AND OTHERS,,WELLBUTRIN XL
ANTIDEPRESSANTS - SELECTED SSRI's AND OTHERS,,REMERON SOLTAB TBDP
ANTIDEPRESSANTS - SELECTED SSRI's AND OTHERS,,SAVELLA4
ANTIDEPRESSANTS - SELECTED SSRI's AND OTHERS,,ZOLOFT
ANTIDEPRESSANTS - SELECTED SSRI's AND OTHERS,,ZULRESSO10
ANTIDEPRESSANTS - SELECTED SSRI's AND OTHERS,,ZURZUVAE12
ANTIDEPRESSANTS - SELECTED SSRI's AND OTHERS,,VENLAFAXINE ER TABS5
ANTIDEPRESSANTS - SELECTED SSRI's AND OTHERS,,VIIBRYD6
ANTIDEPRESSANTS - SELECTED SSRI's AND OTHERS,,FLUOXETINE 90mg TABS6
ANTIDEPRESSANTS - TRI-CYCLICS,DOXEPIN HCL1 (not generic Silenor),DOXEPIN (generic Silenor)
SEDATIVE/HYPNOTICS - BARBITURATE,MEBARAL TABS1,
SEDATIVE/HYPNOTICS - BARBITURATE,PHENOBARBITAL1,
SEDATIVE/HYPNOTICS - BENZODIAZEPINES,TRIAZOLAM TABS1,
SEDATIVE/HYPNOTICS - Non-Benzodiazepines,,BELSOMRA1
SEDATIVE/HYPNOTICS - Non-Benzodiazepines,,DAYVIGO1
SEDATIVE/HYPNOTICS - Non-Benzodiazepines,,EDLUAR
SEDATIVE/HYPNOTICS - Non-Benzodiazepines,,HETLIOZ
SEDATIVE/HYPNOTICS - Non-Benzodiazepines,,INTERMEZZO
SEDATIVE/HYPNOTICS - Non-Benzodiazepines,,LUNESTA1
SEDATIVE/HYPNOTICS - Non-Benzodiazepines,,SONATA CAPS1
SEDATIVE/HYPNOTICS - Non-Benzodiazepines,,ROZEREM
SEDATIVE/HYPNOTICS - Non-Benzodiazepines,,QUVIVIQ
SEDATIVE/HYPNOTICS - Non-Benzodiazepines,,ZOLPIMIST
ANTIPSYCHOTICS - ATYPICALS,ABILIFY ASIMTUFII,"ABILIFY DISC TAB, INJ and SOL1"
ANTIPSYCHOTICS - ATYPICALS,,ZYPREXA RELPREVV
ANTIPSYCHOTICS - ATYPICALS,,ZYPREXA ZYDIS TBDP 1
ANTIPSYCHOTICS - ATYPICALS,,SEROQUEL XR
ANTIPSYCHOTICS - SPECIAL ATYPICALS,,CLOZARIL TABS
ANTIPSYCHOTICS - SPECIAL ATYPICALS,,VERSACLOZ SUSP
ANTIPSYCHOTICS - TYPICAL,MOBAN TABS,
ANTIPSYCHOTICS - TYPICAL,PERPHENAZINE,
ANTIPSYCHOTICS - TYPICAL,PROCHLORPERAZINE,
ANTIPSYCHOTICS - TYPICAL,SERENTIL,
ANTIPSYCHOTICS - TYPICAL,THIORIDAZINE HCL,
ANTIPSYCHOTICS - TYPICAL,THIOTHIXENE,
ANTIPSYCHOTICS - TYPICAL,TRIFLUOPERAZINE HCL TABS,
PSYCHOTHERPEUTIC COMBINATION,,CHLORDIAZEPOXIDE/AMITRIPT
PSYCHOTHERPEUTIC COMBINATION,,PERPHENAZINE/AMITRIPTYLIN
STIMULANT - AMPHETAMINES -SHORT ACTING,,ZENZEDI
LONG ACTING AMPHETAMINES,,"DEXEDRINE CAP SR2,3"
LONG ACTING AMPHETAMINES,,DYANAVEL XR TAB
STIMULANT - METHYLPHENIDATE,,METHYLIN SOL
STIMULANT - METHYLPHENIDATE,,RITALIN
STIMULANT - METHYLPHENIDATE - LONG ACTING,RITALIN LA4,
STIMULANT - STIMULANT LIKE,,SUNOSI
STIMULANT - STIMULANT LIKE,,WAKIX
STIMULANT - STIMULANT LIKE,,XYREM SOL
STIMULANT - STIMULANT LIKE,,XYWAV5
STIMULANT - STIMULANT LIKE,,NUVIGIL3
STIMULANT - STIMULANT LIKE,,DESOXYN TABS3
STIMULANT - STIMULANT LIKE,,DESOXYN CR3
PSYCHOTHERAPEUTIC AGENTS - MISC.,,NUEDEXTA
PSYCHOTHERAPEUTIC AGENTS - MISC.,,XENAZINE
ALZHEIMER - Cholinomimetics/Others,,"LEQEMBI1,2"
ALZHEIMER - Cholinomimetics/Others,,MEMANTINE HCL SOL
ALZHEIMER - Cholinomimetics/Others,,NAMENDA
ALZHEIMER - Cholinomimetics/Others,,NAMENDA XR CAPS
ALZHEIMER - Cholinomimetics/Others,,NAMZARIC
ALZHEIMER - Cholinomimetics/Others,,RAZADYNE2
ALZHEIMER - Cholinomimetics/Others,,COGNEX CAPS2
NICOTINE PATCHES / TABLETS,CHANTIX STARTER PACK,
NICOTINE PATCHES / TABLETS,NICOTINE DIS PT241,
NICOTINE PATCHES / TABLETS,VARENICLINE TAB,
NICOTINE REPLACEMENT - OTHER,,NICORETTE LOZENGES
ALCOHOL DETERRENTS,ANTABUSE TABS,
ALCOHOL DETERRENTS,DISULFIRAM TABS,
ALCOHOL DETERRENTS,NALTREXONE HCL TABS,
NARCOTICS - LONG ACTING,,EXALGO
NARCOTICS - LONG ACTING,,HYSINGLA ER
NARCOTICS - LONG ACTING,,KADIAN
NARCOTICS - LONG ACTING,,METHADONE
NARCOTICS - LONG ACTING,,METHADOSE
NARCOTICS - LONG ACTING,,MORPHABOND ER
NARCOTICS - LONG ACTING,,MORPHINE SULFATE ER CAP
NARCOTICS - LONG ACTING,,MORPHINE SULFATE SUPP
NARCOTICS - LONG ACTING,,MS CONTIN TB12
NARCOTICS - LONG ACTING,,OPANA ER
NARCOTICS - LONG ACTING,,ORAMORPH SR TB12
NARCOTICS - LONG ACTING,,OXYCONTIN TB121
NARCOTICS - LONG ACTING,,XARTEMIS ER
NARCOTICS - LONG ACTING,,ZOHYDRO ER
NARCOTICS - LONG ACTING,,OXYCODONECONC
NARCOTICS - LONG ACTING,,"OXYCODONE ER3,5"
NARCOTICS - SELECTED,,BUTORPHANOL
NARCOTICS - SELECTED,,NALBUPHINE HCL SOLN
NARCOTICS - SELECTED,,QDOLO SOLN
NARCOTICS - SELECTED,,SEGLENTIS1
NARCOTICS - SELECTED,,STADOL NS SOLN
NARCOTICS - SELECTED,,TRAMADOL ER
NARCOTICS - SELECTED,,ULTRACET TABS1
NARCOTICS - SELECTED,,ULTRAM ER
NARCOTICS - MISC.,,MAXIDONE TABS
NARCOTICS - MISC.,,MEPERIDINE TABS
NARCOTICS - MISC.,,NORCO TABS
NARCOTICS - MISC.,,ONSOLIS
NARCOTICS - MISC.,,OXECTA
NARCOTICS - MISC.,,OXYCODONE CAP
NARCOTICS - MISC.,,OXYCODONE/APAP 10/650
NARCOTICS - MISC.,,OXYCODONE/APAP 7.5/500
NARCOTICS - MISC.,,PENTAZOCINE/ACET TABS
NARCOTICS - MISC.,,PENTAZOCINE/NALOXONE TABS
NARCOTICS - MISC.,,PERCOCET TABS
NARCOTICS - MISC.,,PERCOCET TABS
NARCOTICS - MISC.,,PHRENILIN W/CAFFEINE/CODE CAPS
NARCOTICS - MISC.,,ROXICET 5/500 TABS
NARCOTICS - MISC.,,ROXICODONE TABS
NARCOTICS - MISC.,,ROXYBOND
NARCOTICS - MISC.,,SYNALGOS-DC CAPS
NARCOTICS - MISC.,,TALACEN TABS
NARCOTICS - MISC.,,TREZIX
NARCOTICS - MISC.,,TYLENOL/CODEINE #3 TABS
NARCOTICS - MISC.,,TYLOX CAPS
NARCOTICS - MISC.,,XOLOX
NARCOTICS - MISC.,,VICODIN
NARCOTICS - MISC.,,VICOPROFEN TABS
NARCOTICS - MISC.,,ZYDONE TABS
NARCOTICS - MISC.,,ACTIQ LPOP
NARCOTICS - MISC.,,CONZIP
NARCOTICS - MISC.,,OPANA
EXTENDED RELEASE BUPRENORPHINE,BRIXADI1,
EXTENDED RELEASE BUPRENORPHINE,SUBLOCADE1,
OPIOID WITHDRAWAL AGENTS,,LUCEMYRA1
NARCOTIC - ANTAGONISTS,VIVITROL INJ,
NARCOTIC - ANTAGONISTS,ZIMHI,
COX 2 INHIBITORS - SELECTIVE / HIGHLY SELECTIVE,,RELAFEN TABS5
COX 2 INHIBITORS - SELECTIVE / HIGHLY SELECTIVE,,QMIIZ ODT
COX 2 INHIBITORS - SELECTIVE / HIGHLY SELECTIVE,,VIVLODEX
NSAIDS,,NALFON CAPS
NSAIDS,,NAPRELAN TBCR
NSAIDS,,NAPROSYN TABS
NSAIDS,,NAPROXEN SODIUM TBCR
NSAIDS,,PENNSAID
NSAIDS,,PIROXICAM CAPS
NSAIDS,,PONSTEL CAPS
NSAIDS,,RELAFEN DS
NSAIDS,,SB IBUPROFEN TABS
NSAIDS,,SPRIX
NSAIDS,,TIVORBEX
NSAIDS,,TOLECTIN
NSAIDS,,V-R IBUPROFEN TABS
NSAIDS,,ZORVOLEX
NSAID - PPI,,PREVACID NAPRA-PAC
NSAID - PPI,,VIMOVO1
RHEUMATOID ARTHRITIS,,REDITREX
RHEUMATOID ARTHRITIS,,REMICADE
RHEUMATOID ARTHRITIS,,RENFLEXIS
RHEUMATOID ARTHRITIS,,SIMLANDI
RHEUMATOID ARTHRITIS,,TOFIDENCE
RHEUMATOID ARTHRITIS,,VELSIPITY
RHEUMATOID ARTHRITIS,,YUFLYMA
RHEUMATOID ARTHRITIS,,YUSIMRY
RHEUMATOID ARTHRITIS,,XATMEP5
RHEUMATOID ARTHRITIS,,ZYMFENTRA
ALOPECIA AREATA AGENTS,,OLUMIANT
ALOPECIA AREATA AGENTS,,LITFULO
ARTHRITIS - MISC.,MYOCHRYSINE SOLN,
LUPUS-SLE,,BENLYSTA1
LUPUS-SLE,,LUPKYNIS
LUPUS-SLE,,SAPHNELO
PIK3CA-Related Overgrowth Spectrum (PROS),,VIJOICE1
MIGRAINE - ERGOTAMINE DERIVATIVES,,D.H.E. 45 SOLN
MIGRAINE - ERGOTAMINE DERIVATIVES,,TRUDHESA
MIGRAINE - SELECTIVE SEROTONIN AGONISTS (5HT)--Tabs/Nasal,,ONZETRA XSAIL2
MIGRAINE - SELECTIVE SEROTONIN AGONISTS (5HT)--Tabs/Nasal,,SUMATRIPTAN NASAL SPRAY1
MIGRAINE - SELECTIVE SEROTONIN AGONISTS (5HT)--Tabs/Nasal,,ZOLMITRIPTAN ODT
MIGRAINE - SELECTIVE SEROTONIN AGONISTS (5HT)--Tabs/Nasal,,ZOLMITRIPTAN SPRAY
MIGRAINE - SELECTIVE SEROTONIN AGONISTS (5HT)--Tabs/Nasal,,"ZOMIG TABS1,2"
MIGRAINE - SELECTIVE SEROTONIN AGONISTS (5HT)--Tabs/Nasal,,"ZOMIG NASAL SPARY1,2"
MIGRAINE - SELECTIVE SEROTONIN AGONISTS (5HT)--Tabs/Nasal,,"ZOMIG ZMT TBDP1,2"
MIGRAINE - SELECTIVE SEROTONIN AGONISTS (5HT)--Combinations,,"TREXIMET1,2"
MIGRAINE - PREVENTATIVE TREATMENT,EMGALITY SYRINGE1 200mg/ml,
MIGRAINE - PREVENTATIVE TREATMENT,EMGALITY PEN1,
MIGRAINE - ACUTE TREATMENT,,MIGRAZONE CAPS
MIGRAINE - ACUTE TREATMENT,,MIGERGOT SUP
MIGRAINE - ACUTE TREATMENT,,REYVOW
MIGRAINE - ACUTE TREATMENT,,UBRELVY
MIGRAINE - ACUTE TREATMENT,,ZAVZPRET
GOUT,PROBENECID/COLCHICINE TABS,
ACID SPHINGOMYELINASE DEFICIENCY (ASMD),,"XENPOZYME1,2"
COLD AGGLUTININ DISEASE (CAD),,ENJAYMO1
PRIMARY HYPEROXALURIA TYPE 1 (PH1),,OXLUMO1
PRIMARY HYPEROXALURIA TYPE 1 (PH1),,RIVFLOZA
SICKLE CELL DISEASE,,ENDARI1
SICKLE CELL DISEASE,,LYFGENIA2.3
SICKLE CELL DISEASE,,SIKLOS
HUTCHINSON- GILFORD PROGERIA SYNDROME (HGPS),,"ZOKINVY1,2"
VACCINES,ABRYSVO,
VACCINES,AREXVY,
VACCINES,GARDASIL 9,
VACCINES,SHINGRIX,
APDS,,"JOENJA1,2,3"
ALPHA- MANNOSIDOSIS,,LAMZEDE
ANTICONVULSANTS,,TOPAMAX SPRINKLE IR CAPS2
ANTICONVULSANTS,,TOPIRAMATE SPRINKLE ER CAPS2
ANTICONVULSANTS,,"TROKENDI2,6"
ANTICONVULSANTS,,VIGAFYDE
ANTICONVULSANTS,,VIMPAT4
ANTICONVULSANTS,,VIMPAT SOL4
ANTICONVULSANTS,,XCOPRI
ANTICONVULSANTS,,ZARONTIN SYRP
ANTICONVULSANTS,,ZARONTIN CAP
ANTICONVULSANTS,,ZARONTIN SOL
ANTICONVULSANTS,,ZONISADE
ANTICONVULSANTS,,ZTALMY
ANTICONVULSANTS,,KEPPRA XR
ANTICONVULSANTS,,NEURONTIN
ANTICONVULSANTS,,TEGRETOL-XR TB12
ANTICONVULSANTS,,BIPOLAR DISORDER: STEP ORDER
ANTICONVULSANTS,,LAMICTAL
ANTICONVULSANTS,,LITHIUM
ANTICONVULSANTS,,CARBAMAZEPINE
ANTICONVULSANTS,,VALPROATE
ANTICONVULSANTS,,ATYPICAL ANTIPSYCHOTICS EXC. CLOZAPINE
ANTICONVULSANTS,,TRILEPTAL
ANTICONVULSANTS,,TOPAMAX
ANTICONVULSANTS,,KEPPRA TABS
ANTICONVULSANTS,,GABITRIL TABS
ANTICONVULSANTS,,NEURONTIN
ANTICONVULSANTS,,PEDIATRIC BIPOLAR1 DISORDER: STEP ORDER
ANTICONVULSANTS,,(6-18 YEARS WITH OR WITHOUT PSYCHOSIS)
ANTICONVULSANTS,,LITHIUM
ANTICONVULSANTS,,CARBAMAZEPINE
ANTICONVULSANTS,,VALPROATE
ANTICONVULSANTS,,ATYPICAL ANTIPSYCHOTICS EXC.CLOZAPINE
ANTICONVULSANTS,,LAMICTAL
ANTICONVULSANTS,,TRILEPTA
PARKINSONS - ANTICHOLINERGICS,BENZTROPINE MESYLATE TABS,
PARKINSONS - ANTICHOLINERGICS,COGENTIN SOLN,
PARKINSONS - ANTICHOLINERGICS,TRIHEXYPHENIDYL,
PARKINSONS - ADENOSINE RECEPTOR ANTAGONIST,,NOURIANZ
PARKINSONS - COMT INHIBITORS,,COMTAN TABS
PARKINSONS - COMT INHIBITORS,,ONGENTYS
PARKINSONS - COMT INHIBITORS,,TASMAR TABS
PARKINSONS - SELECTED DOPAMIN AGONISTS,,MIRAPEX ER
PARKINSONS - SELECTED DOPAMIN AGONISTS,,NEUPRO PATCH
PARKINSONS- MAOIS,,XADAGO
PARKINSONS - DOPAMINERGICS/CARBII/ LEVO,,PARLODEL CAPS
PARKINSONS - DOPAMINERGICS/CARBII/ LEVO,,PARLODEL TABS
PARKINSONS - DOPAMINERGICS/CARBII/ LEVO,,RYTARY
PARKINSONS - DOPAMINERGICS/CARBII/ LEVO,,SINEMET TABS
PARKINSONS - DOPAMINERGICS/CARBII/ LEVO,,SINEMET TBCR
PARKINSONS - DOPAMINERGICS/CARBII/ LEVO,,ZELAPAR1
PARKINSONS - COMBO.,,STALEVO1
PARKINSONS - COMBO.,,CARBIDOPA/LEVODOPA/ENTACA1
MUSCLE RELAXANTS,CYCLOBENZAPRINE HCL 5mg & 10mg TABS,AMRIX
MUSCLE RELAXANTS,,LORZONE
MUSCLE RELAXANTS,,LYVISPAH
MUSCLE RELAXANTS,,METAXALONE
MUSCLE RELAXANTS,,NORFLEX TBCR
MUSCLE RELAXANTS,,OZOBAX
MUSCLE RELAXANTS,,ROBAXIN-750 TABS
MUSCLE RELAXANTS,,VECUROMIUM INJ
MUSCLE RELAXANTS,,ZANAFLEX TABS
MUSCLE RELAXANTS,,CARISOPRODOL 250MG TABS
MUSCLE RELAXANTS,,CHLORZOXAZONE 250mg TABS
MUSCLE RELAXANTS,,SKELAXIN TAB
MUSCLE RELAXANTS,,SOMA TABS
MUSCLE RELAXANT - COMBO.,,CARISOPRODOL/ASPIRIN TABS
MUSCLE RELAXANT - COMBO.,,CARISOPRODOL/ASPIRIN/CODE
MUSCLE RELAXANT - COMBO.,,NORGESIC TABS
MUSCLE RELAXANT - COMBO.,,ORPHENADRINE COMPOUND
MUSCLE RELAXANT - COMBO.,,ORPHENADRINE/ASA/CAFF
MUSCLE RELAXANT - COMBO.,,ORPHENGESIC
PARATHYOID HORMONE,,NATPARA1
PARATHYOID HORMONE,,YORVIPATH1
VITAMINS,THIAMINE HCL SOLN,
VITAMINS,VITAMIN B-1 TABS,
VITAMINS,VITAMIN B-12,
VITAMINS,VITAMIN B-6 TABS,
VITAMINS,VITAMIN C,
VITAMINS,VITAMIN E CAPS,
VITAMINS,VITAMIN E/D-ALPHA CAPS,
VITAMINS,VITAMIN K1 SOLN,
VITAMINS,V-R VITAMIN E CAPS,
VITAMIN D's,,HECTOROL (PARENTERAL)
VITAMIN D's,,RAYALDEE
VITAMIN D's,,ZEMPLAR INJ
VITAMIN D's,,ZEMPLAR CAPS
VITAMIN D's,EMZYMES,
POMPE DISEASE AGENTS,,NEXVIAZYME1
POMPE DISEASE AGENTS,,LUMIZYME
POMPE DISEASE AGENTS,,OPFOLDA
POMPE DISEASE AGENTS,,POMBILITI
VITAMINS - MISC.,,PRENATE1
VITAMINS - MISC.,,PRENATE ELITE1
VITAMINS - MISC.,,PRIMACARE MISC
VITAMINS - MISC.,,PROTEGRA CAPS
VITAMINS - MISC.,,STUARTNATAL PLUS 3 TABS1
VITAMINS - MISC.,,TRI-VI-SOL SOLN
VITAMINS - MISC.,,TRI-VI-SOL/IRON SOLN
VITAMINS - MISC.,,ULTRA NATALCARE TABS
VITAMINS - MISC.,,ULTRA-NATAL TABS1
VITAMINS - MISC.,,VICON FORTE CAPS
VITAMINS - MISC.,,VINATAL FORTE TABS1
VITAMINS - MISC.,,VINATE1
VITAMINS - MISC.,,VINATE ADVANCED TABS1
MINERALS,K-EFFERVESCENT TBEF,
MINERALS,KLOR-CON,
MINERALS,KLOTRIX TBCR,
MINERALS,K-PHOS TABS,
MINERALS,K-VESCENT TBEF,
MINERALS,LURIDE CHEW,
MINERALS,MAGNESIUM GLUCONATE TABS,
MINERALS,MAGNESIUM SULFATE SOLN,
MINERALS,MAGTABS,
MINERALS,MICRO-K 8 MEG,
MINERALS,OS-CAL TABS,
MINERALS,OS-CAL 500 + D TABS,
MINERALS,OYSCO,
MINERALS,OYST-CAL TABS,
MINERALS,OYST-CAL D TABS,
MINERALS,OYST-CAL/VITAMIN D TABS,
MINERALS,OYSTER CALCIUM TABS,
MINERALS,OYSTER SHELL,
MINERALS,PHARMA FLUR,
MINERALS,PHOSPHA 250 NEUTRAL TABS,
MINERALS,POTASSIUM BICARBONATE TBEF,
MINERALS,POTASSIUM CHLORIDE 8MEQ,
MINERALS,POTASSIUM EFFERVESCENT,
MINERALS,SELENIUM TABS,
MINERALS,SLOW-MAG TBCR,
MINERALS,SODIUM FLUORIDE,
MINERALS,V-R CALCIUM,
MINERALS,V-R OYSTER SHELL CALCIUM,
MINERALS,ZINC SULFATE CAPS,
PHENYLKETONURIA (PKU) TREATMENT AGENTS- INJECTABLES,,PALYNZIQ1
PHENYLKETONURIA (PKU) TREATMENT AGENTS- ORAL,,KUVAN
ELECTROLYTES/ NUTRITIONALS,,DELIVER 2.0 LIQD1
ELECTROLYTES/ NUTRITIONALS,,DOJOLVI
ELECTROLYTES/ NUTRITIONALS,,ENFAMIL1
ELECTROLYTES/ NUTRITIONALS,,ENSURE1
ELECTROLYTES/ NUTRITIONALS,,GLUCERNA1
ELECTROLYTES/ NUTRITIONALS,,ISOCAL LIQD1
ELECTROLYTES/ NUTRITIONALS,,KINDERCAL TF LIQD1
ELECTROLYTES/ NUTRITIONALS,,KINDERCAL TF/FIBER LIQD1
ELECTROLYTES/ NUTRITIONALS,,L-CARNITINE CAPS1
ELECTROLYTES/ NUTRITIONALS,,LIPISORB LIQD1
ELECTROLYTES/ NUTRITIONALS,,"LOVAZA1,2"
ELECTROLYTES/ NUTRITIONALS,,MODULEN IBD POWD1
ELECTROLYTES/ NUTRITIONALS,,NUTRAMIGEN POWD1
ELECTROLYTES/ NUTRITIONALS,,NUTREN1
ELECTROLYTES/ NUTRITIONALS,,NUTRITIONAL SUPPLEMENT LIQD1
ELECTROLYTES/ NUTRITIONALS,,NUTRIVENT 1.5 LIQD1
ELECTROLYTES/ NUTRITIONALS,,PEPTAMEN1
ELECTROLYTES/ NUTRITIONALS,,PHENYLADE1
ELECTROLYTES/ NUTRITIONALS,,PHENYL-FREE1
ELECTROLYTES/ NUTRITIONALS,,PKU 3 POWD1
ELECTROLYTES/ NUTRITIONALS,,PREGESTIMIL POWD1
ELECTROLYTES/ NUTRITIONALS,,PROBALANCE LIQD1
ELECTROLYTES/ NUTRITIONALS,,PROSOBEE1
ELECTROLYTES/ NUTRITIONALS,,SCANDISHAKE PACK1
ELECTROLYTES/ NUTRITIONALS,,VASCEPA
ERYTHROPOEITINS,RETACRIT,
GRANULOCYTE CSF,,NIVESTYM
GRANULOCYTE CSF,,ROLVEDON
GRANULOCYTE CSF,,STIMUFEND
GRANULOCYTE CSF,,ZARXIO
GRANULOCYTE CSF,,ZIEXTENZO
GRANULOCYTE CSF,,NEULASTA1
GAUCHER DISEASE,,CERDELGA1
GAUCHER DISEASE,,YARGESA1
NIEMANN-PICK DISEASE AGENTS,,AQNEURSA1
NIEMANN-PICK DISEASE AGENTS,,MIPLYFFA1
ANTICOAGULANTS,HEPARIN SODIUM LOCK FLUSH SOLN,
ANTICOAGULANTS,PRADAXA,
ANTICOAGULANTS,JANTOVEN,
ANTICOAGULANTS,WARFARIN SODIUM TABS,
ANTICOAGULANTS,XARELTO,
ANTICOAGULANTS,XARELTO STARTER PACK,
ANTIHEMOPHILIC AGENTS,KOVALTRY,
ANTIHEMOPHILIC AGENTS,REBINYN,
ANTIHEMOPHILIC AGENTS,MONARC - M,
ANTIHEMOPHILIC AGENTS,MONOCLATE - P,
ANTIHEMOPHILIC AGENTS,MONONINE,
ANTIHEMOPHILIC AGENTS,NOVOEIGHT,
ANTIHEMOPHILIC AGENTS,NOVOSEVEN SOLR,
ANTIHEMOPHILIC AGENTS,NUWIQ,
ANTIHEMOPHILIC AGENTS,PROFILNINE,
ANTIHEMOPHILIC AGENTS,RECOMBINATE SOLR,
ANTIHEMOPHILIC AGENTS,REFACTO,
ANTIHEMOPHILIC AGENTS,RIXUBIS VIAL,
ANTIHEMOPHILIC AGENTS,WILATE INJ,
ANTIHEMOPHILIC AGENTS,XYNTHA,
PLATELET AGGREGATION INHIBITORS,ASPIRIN-DIPYRIDAMOLE ER CPMP 12HR,BRILINTA 60mg
PLATELET AGGREGATION INHIBITORS,BRILINTA 90mg,DURLAZA
PLATELET AGGREGATION INHIBITORS,,ZONTIVITY
PLATELET AGGR. INHIBITORS / COMBO'S - MISC.,,PLETAL TABS
PLATELET AGGR. INHIBITORS / COMBO'S - MISC.,,TRENTAL TBCR
PLATELET AGGR. INHIBITORS / COMBO'S - MISC.,,YOSPRALA
MONOCLONAL ANTIBODY,,EMPAVELI
MONOCLONAL ANTIBODY,,ENSPRYNG
MONOCLONAL ANTIBODY,,FABHALTA
MONOCLONAL ANTIBODY,,GAMIFANT
MONOCLONAL ANTIBODY,,PIASKY
MONOCLONAL ANTIBODY,,SOLIRIS
MONOCLONAL ANTIBODY,,ULTOMIRIS
MONOCLONAL ANTIBODY,,UPLIZNA
MONOCLONAL ANTIBODY,,VOYDEYA
HEREDITARY ANGIOEDEMA,CINRYZE1,
HEREDITARY ANGIOEDEMA,HAEGARDA1,
HEREDITARY ANGIOEDEMA,"ORLADEYO1,2",
HEREDITARY ANGIOEDEMA,TAKHZYRO1,
HEREDITARY ANGIOEDEMA,FIRAZYR1,
HEREDITARY ANGIOEDEMA,RUCONEST VIAL1,
HEMATOLOGICAL AGENTS- THROMBOPOIETIN RECEPTOR AGONISTS,,MULPLETA
HEMATOLOGICAL AGENTS-IgAN,,FILSPARI1
HEMATOLOGICAL AGENTS-IgAN,,TARPEYO
ANEMIA- BETA THALASSEMIA,,REBLOZYL
ANEMIA- BETA THALASSEMIA,,ZYNTEGLO
HEMATOLOGIC DISORDER TREATMENT AGENTS,,CABLIVI
HEMATOLOGIC DISORDER TREATMENT AGENTS,,TAVALISSE
COMPLEMENT RECEPTOR ANTAGONIST,,TAVNEOS
WHIM SYNDROME AGENTS,,XOLREMDI
ACUTE HEPATIC PORPHYRIA (AHP),,GIVLAARI
PYRUVATE KINASE DEFICIENCY AGENTS,,PYRUKYND1
OP. - ANTIBIOTICS,,ILOTYCIN OINT
OP. - ANTIBIOTICS,,LEVOFLOXACIN DROPS
OP. - ANTIBIOTICS,,NEOMYCIN/BACI/POLYM OINT
OP. - ANTIBIOTICS,,NEOMYCIN/POLYMYXIN/GRAMIC
OP. - ANTIBIOTICS,,NEOSPORIN OINT
OP. - ANTIBIOTICS,,OCUSULF-10 SOLN
OP. - ANTIBIOTICS,,OCUTRICIN SOLN
OP. - ANTIBIOTICS,,POLYTRIM DROPS
OP. - ANTIBIOTICS,,SULFACETAMIDE SODIUM DROPS
OP. - ANTIBIOTICS,,SULFACETAMIDE SODIUM OINT
OP. - ANTIBIOTICS,,TERAK OINT
OP. -ANTI-PARASITIC,,XDEMVY1
OP. - RHO KINASE INHIBITORS,RHOPRESSA,
OP. - QUINOLONES,QUIXIN SOLN,
OP. -QUINOLONES-4TH GENERATION,MOXIFLOXACIN 0.5% SOLN (Generic Vigamox),ZYMAXID
OP. - ARTIFICIAL TEARS AND LUBRICANTS,,REFRESH TEARS SOLN1
OP. - ARTIFICIAL TEARS AND LUBRICANTS,,TEARGEN SOLN
OP. - ARTIFICIAL TEARS AND LUBRICANTS,,TEARISOL SOLN
OP. - ARTIFICIAL TEARS AND LUBRICANTS,,TEARS NATURALE
OP. - ARTIFICIAL TEARS AND LUBRICANTS,,TEARS PURE SOLN
OP. - ARTIFICIAL TEARS AND LUBRICANTS,,TEARS RENEWED OINT
OP. - ARTIFICIAL TEARS AND LUBRICANTS,,THERATEARS SOLN
OP. - ARTIFICIAL TEARS AND LUBRICANTS,,V-R ARTIFICIAL TEARS SOLN
OP. - BETA - BLOCKERS,,OPTIPRANOLOL SOLN
OP. - BETA - BLOCKERS,,TIMOPTIC SOLN
OP. - BETA - BLOCKERS,,TIMOLOL DROP
OP. - BETA - BLOCKERS,,TIMOLOL SOL-GEL
OP. - BETA - BLOCKERS,,TIMOPTIC-XE SOLG
OP. - ANTI-INFLAMMATORY / STEROIDS OPHTH.,,TOBRAMYCIN SUSP DEXAMETHASONE
OP. - ANTI-INFLAMMATORY / STEROIDS OPHTH.,,VASOCIDIN SOLN
OP. - ANTI-INFLAMMATORY / STEROIDS OPHTH.,,VEXOL SUSP
OP. - ANTI-INFLAMMATORY / STEROIDS OPHTH.,,XIPERE
OP. - PROSTAGLANDINS,,"RESCULA1,2,3"
OP. - PROSTAGLANDINS,,TRAVATAN SOLN
OP. - PROSTAGLANDINS,,TRAVOPROST
OP. - PROSTAGLANDINS,,VYZULTA
OP. - PROSTAGLANDINS,,XALATAN SOLN1
OP. - PROSTAGLANDINS,,XELPROS
OP. - MIOTICS - DIRECT ACTING,ISOPTO CARBACHOL SOLN,
OP. - MIOTICS - DIRECT ACTING,ISOPTO CARPINE SOLN,
OP. - MIOTICS - DIRECT ACTING,PILOCAR SOLN,
OP. - MIOTICS - DIRECT ACTING,PILOCARPINE HCL SOLN,
OP. - MIOTICS - DIRECT ACTING,PILOPINE HS GEL,
OP. - SELECTIVE ALPHA ADRENERGIC AGONISTS,ALPHAGAN P 0.15% SOLN,
OP. - SELECTIVE ALPHA ADRENERGIC AGONISTS,BRIMONIDINE DROPS 0.2 %,
OP. - SELECTIVE ALPHA ADRENERGIC AGONISTS,SIMBRINZA,
OP. - ANTI-ALLERGICS,ZADITOR SOLN,
OP. ANTI-ALLERGICS- MASTCELL STABILIZER CLASS,,ALAMAST SOLN
OP. - CARBONIC ANHYDRASE INHIBITORS/COMBO,COMBIGAN,
OP. - CARBONIC ANHYDRASE INHIBITORS/COMBO,DORZOLAMIDE,
OP. - CARBONIC ANHYDRASE INHIBITORS/COMBO,DORZOLAMIDE/TIMOLOL,
OP. - NSAID'S,,PROLENSA
OP. - NSAID'S,,OCUFEN SOLN1
OP. - NSAID'S,,XIBROM1
OP. - NSAID'S,,VOLTAREN SOLN1
OP. - NSAID'S,,ACUVAIL1
OP. - NSAID'S,,BROMFENAC
OP. - OF INTEREST,,CYCLOSPORINE DROPERETTE
OP. - OF INTEREST,,CYSTADROPS1
OP. - OF INTEREST,,CYSTARAN1
OP. - OF INTEREST,,EYLEA
OP. - OF INTEREST,,EYLEA HD1
OP. - OF INTEREST,,IZERVAY1
OP. - OF INTEREST,,OXERVATE
OP. - OF INTEREST,,LUCENTIS
OP. - OF INTEREST,,LUXTURNA
OP. - OF INTEREST,,MIEBO
OP. - OF INTEREST,,RESTASIS MULTIDOSE DROPS
OP. - OF INTEREST,,SUSVIMO
OP. - OF INTEREST,,SYFOVRE
OP. - OF INTEREST,,TYRVAYA
OP. - OF INTEREST,,VABYSMO
OP. - OF INTEREST,,VERKAZIA
OP. - OF INTEREST,,VEVYE
"ISOTRETINION, ACNE",MYORISAN1,
"ISOTRETINION, ACNE",ZENATANE1,
TOPICAL - ACNE PREPARATIONS,,BENZAMYCIN GEL
TOPICAL - ACNE PREPARATIONS,,BENZAMYCINPAK PACK
TOPICAL - ACNE PREPARATIONS,,BENZEFOAM
TOPICAL - ACNE PREPARATIONS,,BENZOYL PEROXIDE
TOPICAL - ACNE PREPARATIONS,,BREVOXYL
TOPICAL - ACNE PREPARATIONS,,CABTREO GEL5
TOPICAL - ACNE PREPARATIONS,,CLEOCIN-T2
TOPICAL - ACNE PREPARATIONS,,CLINAC BPO GEL
TOPICAL - ACNE PREPARATIONS,,CLINDAGEL GEL
TOPICAL - ACNE PREPARATIONS,,CLINDAMYCIN PHOSPHATE CREAM2
TOPICAL - ACNE PREPARATIONS,,CLINDETS SWAB
TOPICAL - ACNE PREPARATIONS,,DESQUAM-E GEL
TOPICAL - ACNE PREPARATIONS,,DESQUAM-X
TOPICAL - ACNE PREPARATIONS,,DIFFERIN 0.3% GEL
TOPICAL - ACNE PREPARATIONS,,DIFFERIN
TOPICAL - ACNE PREPARATIONS,,EMGEL GEL
TOPICAL - ACNE PREPARATIONS,,EPIDUO
TOPICAL - ACNE PREPARATIONS,,EPSOLAY
TOPICAL - ACNE PREPARATIONS,,ERYCETTE PADS
TOPICAL - ACNE PREPARATIONS,,FINEVIN CREA
TOPICAL - ACNE PREPARATIONS,,KLARON LOTN
TOPICAL - ACNE PREPARATIONS,,METROCREAM CREA2
TOPICAL - ACNE PREPARATIONS,,METROGEL GEL2
TOPICAL - ACNE PREPARATIONS,,METROLOTION LOTN2
TOPICAL - ACNE PREPARATIONS,,NEOBENZ MICRO
TOPICAL - ACNE PREPARATIONS,,NORITATE CREA
TOPICAL - ACNE PREPARATIONS,,ONEXTON5
TOPICAL - ACNE PREPARATIONS,,PLIXDA
TOPICAL - ACNE PREPARATIONS,,RETIN-A GEL2
TOPICAL - ACNE PREPARATIONS,,RETIN-A CREA2
TOPICAL - ACNE PREPARATIONS,,RETIN-A MICRO GEL
TOPICAL - ACNE PREPARATIONS,,RHOFADE
TOPICAL - ACNE PREPARATIONS,,SODIUM SULFACET/SULF LOTN
TOPICAL - ACNE PREPARATIONS,,SOOLANTRA4
TOPICAL - ACNE PREPARATIONS,,TRIAZ
TOPICAL - ACNE PREPARATIONS,,TWYNEO
TOPICAL - ACNE PREPARATIONS,,VELTIN
TOPICAL - ACNE PREPARATIONS,,WINLEVI5
TOPICAL - ACNE PREPARATIONS,,ZENCIA WASH
TOPICAL - ACNE PREPARATIONS,,ZETACET
TOPICAL - ACNE PREPARATIONS,,ZIANA
TOPICAL - ACNE PREPARATIONS,,ZILXI
TOPICAL- ATOPIC DERMATITIS,PIMECROLIMUS CRE (AUTH GENERIC LABELER 68682 Oceanside Pharmaceuticals),"EBGLYSS2,3"
TOPICAL- ATOPIC DERMATITIS,PROTOPIC OINT,
TOPICAL- ATOPIC DERMATITIS,TACROLIMUS OINT,
TOPICAL- ATOPIC DERMATITIS,"ADBRY2,4",
TOPICAL- ATOPIC DERMATITIS,"DUPIXENT1,2,4",
TOPICAL- ATOPIC DERMATITIS,"EUCRISA2,4",
TOPICAL- ATOPIC DERMATITIS,"OPZELURA2,3,4",
TOPICAL - ANTIFUNGALS,,NYSTATIN/TRIAMCINOLONE OINT
TOPICAL - ANTIFUNGALS,,NYSTAT-RX POWD
TOPICAL - ANTIFUNGALS,,OXISTAT
TOPICAL - ANTIFUNGALS,,PENLAC NAIL LACQUER SOLN
TOPICAL - ANTIPRURITICS,,PRUDOXIN CREA
TOPICAL - ANTIPSORIATICS,,DUOBRII
TOPICAL - ANTIPSORIATICS,,ENSTILAR
TOPICAL - ANTIPSORIATICS,,OXSORALEN ULTRA CAPS1
TOPICAL - ANTIPSORIATICS,,PSORIATEC CREA1
TOPICAL - ANTIPSORIATICS,,SORIATANE CK KIT1
TOPICAL - ANTIPSORIATICS,,VECTICAL1
TOPICAL - ANTIPSORIATICS,,VTAMA
TOPICAL - ANTIPSORIATICS,,ZORYVE
TOPICAL - ANTISEBORRHEICS,,ZNP BAR
TOPICAL - ANTISEBORRHEICS,,ZORYVE FOAM
TOPICAL - ANTIVIRALS,,ACYCLOVIR OINT
TOPICAL - ANTIVIRALS,,"DENAVIR CREA1, 3"
TOPICAL - ANTIVIRALS,,YCANTH
TOPICAL - ANTIVIRALS,,"ZOVIRAX OINT1,2"
TOPICAL - ANTINEOPLASTICS,,FLUOROURACIL
TOPICAL - ANTINEOPLASTICS,,SOLARAZE GEL
TOPICAL - ANTINEOPLASTICS,,ZYCLARA
TOPICAL - BURN PRODUCTS,SILVER SULFADIAZINE CREA,
TOPICAL - BURN PRODUCTS,SSD AF CREA,
TOPICAL - BURN PRODUCTS,SSD CREA,
TOPICAL - BURN PRODUCTS,THERMAZENE CREA,
TOPICAL - CORTICOSTEROIDS,,HALOG
TOPICAL - CORTICOSTEROIDS,,HYDROCORTISONE POWD
TOPICAL - CORTICOSTEROIDS,HYDROCORTISONE BUTYRATE,
TOPICAL - CORTICOSTEROIDS,,CUTIVATE CREA / OINT
TOPICAL - CORTICOSTEROIDS,,CUTIVATE LOTN
TOPICAL - CORTICOSTEROIDS,,DERMATOP
TOPICAL - CORTICOSTEROIDS,,ELOCON OINT
TOPICAL - CORTICOSTEROIDS,,KENALOG AERS
TOPICAL - CORTICOSTEROIDS,,TOPICORT
TOPICAL - CORTICOSTEROIDS,,TOPICORT LP CREA
TOPICAL - CORTICOSTEROIDS,,TOVET FOAM3
TOPICAL - CORTICOSTEROIDS,,WESTCORT
TOPICAL - CORTICOSTEROIDS,,HIGH POTENCY
TOPICAL - CORTICOSTEROIDS,,AMCINONIDE CREA
TOPICAL - CORTICOSTEROIDS,,BETAMETHASONE DIPROPIONATE
TOPICAL - CORTICOSTEROIDS,,CORMAX
TOPICAL - CORTICOSTEROIDS,,DIPROLENE
TOPICAL - CORTICOSTEROIDS,,IMPEKLO4
TOPICAL - CORTICOSTEROIDS,,PSORCON
TOPICAL - CORTICOSTEROIDS,,PSORCON E
TOPICAL - CORTICOSTEROIDS,,SERNIVO SPRAY2
TOPICAL - CORTICOSTEROIDS,,TEMOVATE
TOPICAL - CORTICOSTEROIDS,,ULTRAVATE
TOPICAL - STEROID LOCAL ANESTHETICS,,EPIFOAM FOAM
TOPICAL - EMOLLIENTS,,MIMYX
TOPICAL - EMOLLIENTS,,RENOVA CREA
TOPICAL - ENZYMES / KERATOLYTICS / UREA,,CARMOL 40 CREA
TOPICAL - ENZYMES / KERATOLYTICS / UREA,,SALEX CREA
TOPICAL - ENZYMES / KERATOLYTICS / UREA,,SALEX LOTN
TOPICAL - GENITAL WARTS,,CONDYLOX1
TOPICAL - GENITAL WARTS,,ALDARA1
TOPICAL - GENITAL WARTS,,PICATO
TOPICAL - GENITAL WARTS,,VEREGEN1
TOPICAL - GENITAL WARTS,,ZYCLARA1
TOPICAL - LOCAL ANESTHETICS,LIDOCAINE GEL,
TOPICAL - LOCAL ANESTHETICS,LIDOCAINE PTCH 5%,
TOPICAL - DEPIGMENTING AGENTS,,ALUSTRA CREA
TOPICAL - DEPIGMENTING AGENTS,,EPIQUIN MICRO
TOPICAL - DEPIGMENTING AGENTS,,GLYQUIN CREA
TOPICAL - DEPIGMENTING AGENTS,,HYDROQUINONE CREA
TOPICAL - DEPIGMENTING AGENTS,,HYDROQUINONE/SUNSCREENS
TOPICAL - DEPIGMENTING AGENTS,,SOLAQUIN FORTE CREA
TOPICAL - DEPIGMENTING AGENTS,,TRI-LUMA CREA
TOPICAL - DEPIGMENTING AGENTS,,ELDOQUIN
TOPICAL - SCABICIDES AND PEDICULICIDES,,SPINOSAD SUSP
TOPICAL - WOUND / DECUBITUS CARE,,FILSUVEZ
TOPICAL - WOUND / DECUBITUS CARE,,REGRANEX GEL
TOPICAL - WOUND / DECUBITUS CARE,,VYJUVEK
TOPICAL - ASTRINGENTS / PROTECTANTS,,MOISTURIN DRY SKIN CREA
TOPICAL - ASTRINGENTS / PROTECTANTS,,PROSHIELD PLUS SKIN PROTE CREA
TOPICAL - ASTRINGENTS / PROTECTANTS,,SURGILUBE GEL
TOPICAL - ANTISEPTICS / DISINFECTANTS,,FORMALYDE-10 AERS
TOPICAL - ANTISEPTICS / DISINFECTANTS,,IODOSORB
TOPICAL - ANTISEPTICS / DISINFECTANTS,,LAZERFORMALYDE SOLUTION SOLN
OP. - EYE,PHENYLEPHRINE HCL SOLN,
OP. - EYE,PONTOCAINE SOLN,
OP. - EYE,SODIUM CHLORIDE,
EAR,CORTOMYCIN,
EAR,COLY-MYCIN-S SUSP,
EAR,EAR DROPS SOLN,
EAR,EAR DROPS RX SOLN,
EAR,EAR WAX REMOVAL DROPS,
EAR,FLUOCINOLONE ACETONIDE OIL DROPS 0.01%,
EAR,NEOMYCIN/POLYMYXIN/HC,
EAR,OFLOXACIN 0.3% OTIC,
MOUTH ANTISEPTICS,TRIAMCINOLONE ORADENT PSTE,
DENTAL PRODUCTS,SF 5000 PLUS CREA,
DENTAL PRODUCTS,SF GEL,
DENTAL PRODUCTS,STANNOUS FLUORIDE ORAL RI CONC,
ARTIFICIAL SALIVA/STIMULANTS,,RADIACARE SOLR
ARTIFICIAL SALIVA/STIMULANTS,,SALAGEN TABS
PSORIASIS BIOLOGICALS,,ILUMYA3
PSORIASIS BIOLOGICALS,,SOTYKTU
PSORIASIS BIOLOGICALS,,SPEVIGO
PSORIASIS BIOLOGICALS,,SILIQ
PSORIASIS BIOLOGICALS,,STELARA
PSORIASIS BIOLOGICALS,,TREMFYA
PSORIASIS BIOLOGICALS,,YUFLYMA
PSORIASIS BIOLOGICALS,,YUSIMRY
ALTERNATIVE MEDICINES,MELATONIN,
CHELATING AGENTS,,DEPEN TITRATABS TABS
CHELATING AGENTS,,EXJADE1
CHELATING AGENTS,,SYPRINE
CHELATING AGENTS,,TRIENTINE CAPS
ANTILEPROTIC,,THALOMID CAPS1
ANTINEOPLASTIC AGENTS- LHRH ANALOGS,LUPRON DEPOT- PED KIT1(1-month),FIRMAGON2
ANTINEOPLASTIC AGENTS- LHRH ANALOGS,LUPRON DEPOT-PED SYRINGEKIT (3-month),SUPPRELIN LA (IMPLANT) KIT
ANTINEOPLASTIC AGENTS- LHRH ANALOGS,,VANTAS2
ANTINEOPLASTIC AGENTS - TYROSINE KINASE INHIBITORS,,SPRYCEL1
ANTINEOPLASTIC AGENTS - TYROSINE KINASE INHIBITORS,,TYKERB2
ANTINEOPLASTIC AGENTS - TYROSINE KINASE INHIBITORS,,GLEEVEC1
ANTINEOPLASTICS-MISCELLANEOUS,,LEUPROLIDE
ANTINEOPLASTICS-MISCELLANEOUS,,PURINETHOL
ANTINEOPLASTICS-MISCELLANEOUS,,ZOLINZA
ANTINEOPLASTICS- MONOCLONAL ANTIBODIES,,HERCEPTIN
ANTINEOPLASTICS- MONOCLONAL ANTIBODIES,,HERZUMA
ANTINEOPLASTICS- MONOCLONAL ANTIBODIES,,KANJINTI
ANTINEOPLASTICS- MONOCLONAL ANTIBODIES,,OGIVRI
ANTINEOPLASTICS- MONOCLONAL ANTIBODIES,,ONTRUZANT
CANCER,,AYVAKIT
CANCER,,AVASTIN
CANCER,,BALVERSA
CANCER,,"BAVENCIO1,8"
CANCER,,BENDEKA3
CANCER,,BESPONSA3
CANCER,,BESREMI1
CANCER,,BLENREP
CANCER,,BOSULIF
CANCER,,BRAFTOVI1
CANCER,,BREYANZI
CANCER,,BRUKINSA
CANCER,,CABOMETYX3
CANCER,,CAMCEVI
CANCER,,CALQUENCE3
CANCER,,"COMETRIQ3,4,5"
CANCER,,COTELLIC
CANCER,,COPIKTRA
CANCER,,DARZALEX3
CANCER,,DAURISMO
CANCER,,ELREXFIO
CANCER,,EMPLICITI(IV)8
CANCER,,EPKINLY
CANCER,,ERLEADA
CANCER,,ERIVEDGE
CANCER,,EXKIVITY
CANCER,,FARYDAK
CANCER,,FEMARA
CANCER,,FOLOTYN
CANCER,,FOTIVDA
CANCER,,FRUZAQLA
CANCER,,GAVRETO
CANCER,,"GILOTRIF4,5"
CANCER,,IBRANCE
CANCER,,ICLUSIG3
CANCER,,IDHIFA3
CANCER,,IMBRUVICA
CANCER,,IMDELLTRA
CANCER,,IMFINZI
CANCER,,IMJUDO
CANCER,,IMLYGIC
CANCER,,INLYTA
CANCER,,INREBIC
CANCER,,INQOVI
CANCER,,IWILFIN
CANCER,,JAKAFI
CANCER,,"JAYPIRCA1,2"
CANCER,,JEMPERLI
CANCER,,KEYTRUDA1
CANCER,,KIMMTRAK
CANCER,,KISQALI1
CANCER,,KOSELUGO
CANCER,,KRAZATI3
CANCER,,"KYMRIAH3,9"
CANCER,,KYPROLIS1
CANCER,,LARTRUVO1
CANCER,,LAZCLUZE
CANCER,,LENVIMA
CANCER,,LIBTAYO1
CANCER,,LONSURF
CANCER,,LORBRENA
CANCER,,LOQTORZI
CANCER,,LUMAKRAS
CANCER,,LUMOXITI1
CANCER,,LUNSUMIO1
CANCER,,LYNPARZA1
CANCER,,LYTGOBI
CANCER,,NEXAVAR1
CANCER,,NERLYNX3
CANCER,,NINLARO(PO)
CANCER,,NUBEQA
CANCER,,MARGENZA
CANCER,,"MEKINIST3,4"
CANCER,,MEKTOVI1
CANCER,,MONJUVI
CANCER,,MYLOTARG3
CANCER,,MVASI
CANCER,,"ODOMZO1,2,5"
CANCER,,OGSIVEO
CANCER,,OJEMDA
CANCER,,OJJAARA
CANCER,,OMISIRGE
CANCER,,ONUREG
CANCER,,OPDIVO3
CANCER,,OPDUALAG
CANCER,,ORGOVYX
CANCER,,"ORSERDU2,3"
CANCER,,PADCEV
CANCER,,PEMAZYRE
CANCER,,PEPAXTO
CANCER,,PHESGO
CANCER,,PIQRAY
CANCER,,POLIVY
CANCER,,POMALYST
CANCER,,PORTRAZZA3
CANCER,,QINLOCK
CANCER,,RETEVMO
CANCER,,REZLIDHIA
CANCER,,ROZLYTREK
CANCER,,RUBRACA
CANCER,,RITUXAN
CANCER,,RYBREVANT
CANCER,,RYDAPT
CANCER,,RYLAZE
CANCER,,RYTELO
CANCER,,SARCLISA
CANCER,,SCEMBLIX1
CANCER,,STIVARGA
CANCER,,"SUTENT1,2"
CANCER,,SYLATRON
CANCER,,TABRECTA
CANCER,,TALVEY
CANCER,,"TAFINLAR3,4,5,6"
CANCER,,TAZVERIK
CANCER,,TALZENNA1
CANCER,,TAGRISSO
CANCER,,TECARTUS
CANCER,,TECELRA
CANCER,,TECENTRIQ1
CANCER,,TECENTRIQ HYBREZA
CANCER,,TEPMETKO
CANCER,,TEVIMBRA
CANCER,,TIBSOVO1
CANCER,,TIVDAK
CANCER,,TRODELVY
CANCER,,TRUSELTIQ
CANCER,,TRUXIMA
CANCER,,TRUQAP
CANCER,,TUKYSA
CANCER,,UKONIQ
CANCER,,VANFLYTA
CANCER,,VEGZELMA
CANCER,,VENCLEXTA3
CANCER,,VERZENIO3
CANCER,,VITRAKVI
CANCER,,VIZIMPRO1
CANCER,,VONJO
CANCER,,VORANIGO
CANCER,,WELIREG
CANCER,,XALKORI
CANCER,,XPOVIO
CANCER,,XOSPATA
CANCER,,XTANDI
CANCER,,YERVOY
CANCER,,YESCARTA3
CANCER,,ZALTRAP
CANCER,,ZEJULA1
CANCER,,ZELBORAF
CANCER,,ZEPZELCA
CANCER,,ZYDELIG
CANCER,,ZYKADIA
CANCER,,ZYNLONTA
CANCER,,ZYNYZ1
CANCER,,ZYTIGA
IMMUNOSUPPRESSANTS,,ZORTRESS
IMMUNOSUPPRESSANTS- Misc.,,"HYFTOR1,2"
PURINE ANALOG,AZATHIOPRINE TABS,
K REMOVING RESINS,,VELTASSA
